IP Address,Common Name,Organization,Country,Locality,Province,Subject Alternative DNS Name,Subject Alternative IP address,Self-signed
"54.187.239.163","mstr.nordstrom.com","Nordstrom, Inc.","US","","Washington","mstr.nordstrom.com|mstrnonprod.nordstrom.com","","false"
"54.187.239.167","api.watchtower.ai","","","","","api.watchtower.ai|app.watchtower.ai","","false"
"54.187.239.176","NGINXIngressController","","","","","","","false"
"54.187.239.174","stgusa.pay-test.etrainu.com","","","","","stgusa.pay-test.etrainu.com|*.stgusa.pay-test.etrainu.com","","false"
"54.187.239.178","pprod-us-west-2.notebookcontrolplane.gluestudio.aws.dev","","","","","pprod-us-west-2.notebookcontrolplane.gluestudio.aws.dev|*.pprod-us-west-2.notebookcontrolplane.gluestudio.aws.dev","","false"
"54.187.239.189","qa3.sdlc.cartoncloud.com","","","","","qa3.sdlc.cartoncloud.com|api-webapp.qa3.sdlc.cartoncloud.com|api-gateway.qa3.sdlc.cartoncloud.com|app.qa3.sdlc.cartoncloud.com","","false"
"54.187.239.190","staging.divorceassist.ca","","","","","staging.divorceassist.ca|*.staging.divorceassist.ca","","false"
"54.187.239.203","*.labstar.com","","","","","*.labstar.com|labstar.com","","false"
"54.187.239.216","*.cloud.infor.com","Infor, US LLC","US","","New York","*.cloud.infor.com|cloud.infor.com","","false"
"54.187.239.227","kube-apiserver","","","","","efc3ba6f0b6dd6510dc3c6a1ba8e9684.sk1.us-west-2.eks.amazonaws.com|ip-172-16-58-45.us-west-2.compute.internal|kubernetes|kubernetes.default|kubernetes.default.svc|kubernetes.default.svc.cluster.local","172.20.0.1|10.0.25.56|172.16.58.45","false"
"54.187.239.228","xgs.api.fleetwaze.com","","","","","xgs.api.fleetwaze.com","","false"
"54.187.239.234","*.us-west-2.es.amazonaws.com","","","","","*.us-west-2.es.amazonaws.com","","false"
"54.187.239.232","*.dev.onevigor.tv","","","","","*.dev.onevigor.tv|*.dev.onevigor.us|*.dev.edisen.com|dev.edisen.com|dev.onevigor.us|dev.onevigor.tv","","false"
"54.187.239.241","*.stretchinternet.com","","","","","*.stretchinternet.com","","false"
"54.187.239.240","spcs.us-west-2.api.sierraprod.aws.dev","","","","","spcs.us-west-2.api.sierraprod.aws.dev","","false"
"54.187.240.1","*.discovery-prod.axs.com","","","","","*.discovery-prod.axs.com","","false"
"54.187.239.253","*.myesp.org","","","","","*.myesp.org|myesp.org","","false"
"54.187.239.251","*.cloud.igneous.io","","","","","*.cloud.igneous.io","","false"
"54.187.239.255","*.cashcontrolweb.com","","","","","*.cashcontrolweb.com","","false"
"54.187.240.9","*.us-west-2.es.amazonaws.com","","","","","*.us-west-2.es.amazonaws.com","","false"
"54.187.240.19","9096286130.com","U.S. Bank, National Association","US","Richfield","Minnesota","9096286130.com|www.9096286130.com","","false"
"54.187.240.20","help-uat.anyonehome.xyz","","","","","help-uat.anyonehome.xyz","","false"
"54.187.240.25","*.kneatgxdemo.com","","","","","*.kneatgxdemo.com|kneatgxdemo.com","","false"
"54.187.240.36","checkout.walulel.com","","","","","checkout.walulel.com","","false"
"54.187.240.54","depic.dev","","","","","depic.dev|*.depic.dev","","false"
"54.187.240.75","example.com","","","","","","","true"
"54.187.240.70","system.floqast.app","","","","","system.floqast.app|*.system.floqast.app","","false"
"54.187.240.78","portal.us-shard-e.filevineapp.com","","","","","portal.us-shard-e.filevineapp.com|*.portal.filevineapp.com","","false"
"54.187.240.76","*.mydiabeteshome.com","","","","","*.mydiabeteshome.com|mydiabeteshome.com","","false"
"54.187.240.86","*.ezproxy-qa.lib.asu.edu","Arizona State University","US","","Arizona","*.ezproxy-qa.lib.asu.edu|ezproxy-qa.lib.asu.edu","","false"
"54.187.240.97","*.us-west-2.es.amazonaws.com","","","","","*.us-west-2.es.amazonaws.com|*.cell-02.us-west-2.es.amazonaws.com","","false"
"54.187.240.102","stg.sonypictures.com","Sony Pictures Entertainment","US","Culver City","California","stg.sonypictures.com|stage.sonypictures.com|dev.sonypictures.com|stg-kidszone.sonypictures.com|dev-kidszone.sonypictures.com","","false"
"54.187.240.115","*.hivemanager.app","","","","","*.hivemanager.app|hivemanager.app","","false"
"54.187.240.117","api.badger.dev.fennecplatform.com","","","","","api.badger.dev.fennecplatform.com","","false"
"54.187.240.121","Kubernetes Ingress Controller Fake Certificate","Acme Co","","","","ingress.local","","true"
"54.187.240.133","*.execute-api.us-west-2.amazonaws.com","","","","","*.execute-api.us-west-2.amazonaws.com","","false"
"54.187.240.132","web.chatdesigner.ai","","","","","web.chatdesigner.ai","","false"
"54.187.240.136","byu-oit-cessupport-prd.amazon.byu.edu","","","","","byu-oit-cessupport-prd.amazon.byu.edu|*.byu-oit-cessupport-prd.amazon.byu.edu","","false"
"54.187.240.147","*.c26.us-west-2.airflow.amazonaws.com","","","","","*.c26.us-west-2.airflow.amazonaws.com","","false"
"54.187.240.148","wrelqa.hticdev.net","","","","","wrelqa.hticdev.net|*.hanwhavision.cloud|*.flexai.hanwhavision.cloud|*.wrelqa.hticdev.net","","false"
"54.187.240.157","utabode.com","","","","","utabode.com","","false"
"54.187.240.162","git.us-west-2.gamma.external.source.3p.codecatalyst.aws","","","","","git.us-west-2.gamma.external.source.3p.codecatalyst.aws","","false"
"54.187.240.164","jawhm.or.jp","","","","","jawhm.or.jp|*.jawhm.or.jp","","false"
"54.187.240.171","*.na4.livevox.com","","","","","*.na4.livevox.com|na4.livevox.com","","false"
"54.187.240.179","dev.circuittutor.com","","","","","dev.circuittutor.com","","false"
"54.187.240.181","lockelaw.cell-3.prod.us-west-2.prod.connect.aws.a2z.com","","","","","lockelaw.cell-3.prod.us-west-2.prod.connect.aws.a2z.com","","false"
"54.187.240.183","portal-cms.criterionnetworks.com","","","","","portal-cms.criterionnetworks.com","","false"
"54.187.240.191","*.caffeine.attackiq.net","","","","","*.caffeine.attackiq.net","","false"
"54.187.240.204","*.posportals.com","","","","","*.posportals.com|posportals.com","","false"
"54.187.240.208","*.redappleqa.com","","","","","*.redappleqa.com","","false"
"54.187.240.206","f7f5.condensate-pump.us-west-2.beta.basin.security.aws.dev","","","","","f7f5.condensate-pump.us-west-2.beta.basin.security.aws.dev","","false"
"54.187.240.209","*.sandbox.cloud.agyletime.io","","","","","*.sandbox.cloud.agyletime.io|cloud.agyletime.io|sandbox.cloud.agyletime.io|*.cloud.agyletime.io","","false"
"54.187.240.213","*.fantuan.ca","","","","","*.fantuan.ca","","false"
"54.187.240.224","xco.usw2.accept.xactdev.com","","","","","xco.usw2.accept.xactdev.com","","false"
"54.187.240.226","chicagonsbe.org","","","","","chicagonsbe.org|www.chicagonsbe.org|connect.chicagonsbe.org","","false"
"54.187.240.233","ford-depot-charging.com","","","","","ford-depot-charging.com|us-west-2.api.71978702-17ea-4d71-a11c-bae5646d0813.ford-depot-charging.com|api.71978702-17ea-4d71-a11c-bae5646d0813.ford-depot-charging.com","","false"
"54.187.240.236","*.ecbsn.com","","","","","*.ecbsn.com","","false"
"54.187.240.247","vinny.staging.structurely.com","","","","","vinny.staging.structurely.com|vinny.development.structurely.com","","false"
"54.187.240.245","api-stage.milezero.com","","","","","api-stage.milezero.com","","false"
"54.187.240.252","english3-lms.com","","","","","english3-lms.com|*.staging.english3-lms.com|*.dev.english3-lms.com|*.production.english3-lms.com","","false"
"54.187.240.253","redirect.realtor.com","","","","","redirect.realtor.com|*.opcity.com|*.realtor.com","","false"
"54.187.240.251","*.goldenstar.mx","","","","","*.goldenstar.mx|goldenstar.mx","","false"
"54.187.241.3","*.us-west-2.es.amazonaws.com","","","","","*.us-west-2.es.amazonaws.com|*.cell-02.us-west-2.es.amazonaws.com","","false"
"54.187.241.10","client-reports.hub.godaddy.com","","","","","client-reports.hub.godaddy.com|www.client-reports.hub.godaddy.com","","false"
"54.187.241.13","api.push-dev.sereng.miniclippt.com","","","","","api.push-dev.sereng.miniclippt.com|app.push-dev.sereng.miniclippt.com","","false"
"54.187.241.20","*.sandbox2-b.shurpass.io","","","","","*.sandbox2-b.shurpass.io|sandbox2-b.shurpass.io","","false"
"54.187.241.21","*.us-west-2.es.amazonaws.com","","","","","*.us-west-2.es.amazonaws.com|*.cell-01.us-west-2.es.amazonaws.com","","false"
"54.187.241.29","origin.ejecentral-uat.lower.k3.m1.brightspot.cloud","","","","","origin.ejecentral-uat.lower.k3.m1.brightspot.cloud|*.ejecentral-uat.lower.k3.m1.brightspot.cloud|static.ejecentral-uat.lower.k3.m1.brightspot.cloud|ejecentral-uat.lower.k3.m1.brightspot.cloud|*.origin.ejecentral-uat.lower.k3.m1.brightspot.cloud|verify.cms.ejecentral-uat.lower.k3.m1.brightspot.cloud|cms.ejecentral-uat.lower.k3.m1.brightspot.cloud|verify.origin.ejecentral-uat.lower.k3.m1.brightspot.cloud|*.cms.ejecentral-uat.lower.k3.m1.brightspot.cloud","","false"
"54.187.241.30","*.logicnow.us","","","","","*.logicnow.us","","false"
"54.187.241.27","drever.app","","","","","drever.app|*.drever.app|*.dash.drever.app","","false"
"54.187.241.31","*.vizio-is.com","","","","","*.vizio-is.com|vizio-is.com","","false"
"54.187.241.37","staging-snowplow.peddle.com","","","","","staging-snowplow.peddle.com","","false"
"54.187.241.42","*.bgcorp.com","Forcepoint","US","Campbell","California","*.bgdev.net|bgdev.net|*.bgdev.com|bgdev.com|*.bglhs.net|bglhs.net|*.bglhs.com|bglhs.com|*.bgqa.net|bgqa.net|*.bgqa.com|bgqa.com|*.bgmir.net|bgmir.net|*.bgmir.com|bgmir.com|*.dev-acme.com|dev-acme.com|*.qa-acme.com|qa-acme.com|bgcorp.com|*.bgcorp.com|ap-southeast-1a.bgcorp.com|*.ap-southeast-1a.bgcorp.com|ap-southeast-1b.bgcorp.com|*.ap-southeast-1b.bgcorp.com|ap-southeast-2.bgcorp.com|*.ap-southeast-2.bgcorp.com|ap-southeast1a.bgcorp.com|*.ap-southeast1a.bgcorp.com|ap-southeast1b.bgcorp.com|*.ap-southeast1b.bgcorp.com|ap-southeast2a.bgcorp.com|*.ap-southeast2a.bgcorp.com|ap-southeast2b.bgcorp.com|*.ap-southeast2b.bgcorp.com|eu-central1a.bgcorp.com|*.eu-central1a.bgcorp.com|eu-central1b.bgcorp.com|*.eu-central1b.bgcorp.com|eu-west-2.bgcorp.com|*.eu-west-2.bgcorp.com|eu-west2a.bgcorp.com|*.eu-west2a.bgcorp.com|eu-west2b.bgcorp.com|*.eu-west2b.bgcorp.com|us-east-1.bgcorp.com|*.us-east-1.bgcorp.com|us-east-1f.bgcorp.com|*.us-east-1f.bgcorp.com|us-east-2.bgcorp.com|*.us-east-2.bgcorp.com|us-east-2a.bgcorp.com|*.us-east-2a.bgcorp.com|us-east-2b.bgcorp.com|*.us-east-2b.bgcorp.com|us-east1.bgcorp.com|*.us-east1.bgcorp.com|us-east1a.bgcorp.com|*.us-east1a.bgcorp.com|us-east1b.bgcorp.com|*.us-east1b.bgcorp.com|us-east1d.bgcorp.com|*.us-east1d.bgcorp.com|us-east1e.bgcorp.com|*.us-east1e.bgcorp.com|us-east2a.bgcorp.com|*.us-east2a.bgcorp.com|us-east2b.bgcorp.com|*.us-east2b.bgcorp.com|us-east2c.bgcorp.com|*.us-east2c.bgcorp.com|us-west-2.bgcorp.com|*.us-west-2.bgcorp.com|us-west-2b.bgcorp.com|*.us-west-2b.bgcorp.com|us-west-2c.bgcorp.com|*.us-west-2c.bgcorp.com|us-west-2d.bgcorp.com|*.us-west-2d.bgcorp.com|us-west2.bgcorp.com|*.us-west2.bgcorp.com|us-west2a.bgcorp.com|*.us-west2a.bgcorp.com|us-west2b.bgcorp.com|*.us-west2b.bgcorp.com|us-west2c.bgcorp.com|*.us-west2c.bgcorp.com|bgdevsecure.net|*.bgdevsecure.net|bgqasecure.net|*.bgqasecure.net|bgclssecure.net|*.bgclssecure.net|bgcls2secure.net|*.bgcls2secure.net|*.profile.bgdev.com|*.profile.bglhs.com|*.profile.bgmir.com|*.profile.bgqa.com|*.sso.bgdev.com|*.sso.bglhs.com|*.sso.bgmir.com|*.sso.bgqa.com|*.api.bgdev.net|*.api.bglhs.net|*.api.bgmir.net|*.api.bgqa.net|*.us.bgd1.net|us.bgd1.net|*.profile.us.bgd1.net|*.sso.us.bgd1.net|*.api.us.bgd1.net|*.secure.us.bgd1.net|*.o365.us.bgd1.net|*.us.bgd2.net|us.bgd2.net|*.profile.us.bgd2.net|*.sso.us.bgd2.net|*.api.us.bgd2.net|*.secure.us.bgd2.net|*.o365.us.bgd2.net|*.us.bgd3.net|us.bgd3.net|*.profile.us.bgd3.net|*.sso.us.bgd3.net|*.api.us.bgd3.net|*.secure.us.bgd3.net|*.o365.us.bgd3.net|*.us.bgd4.net|us.bgd4.net|*.profile.us.bgd4.net|*.sso.us.bgd4.net|*.api.us.bgd4.net|*.secure.us.bgd4.net|*.o365.us.bgd4.net|*.us.bgd5.net|us.bgd5.net|*.profile.us.bgd5.net|*.sso.us.bgd5.net|*.api.us.bgd5.net|*.secure.us.bgd5.net|*.o365.us.bgd5.net|*.o365.bgdev.net|*.o365.bglhs.net|*.o365.bgmir.net|*.o365.bgqa.net|*.us.bgd6.net|us.bgd6.net|*.profile.us.bgd6.net|*.sso.us.bgd6.net|*.api.us.bgd6.net|*.secure.us.bgd6.net|*.o365.us.bgd6.net|*.us.bgd7.net|us.bgd7.net|*.profile.us.bgd7.net|*.sso.us.bgd7.net|*.api.us.bgd7.net|*.secure.us.bgd7.net|*.o365.us.bgd7.net|*.us.bgd8.net|us.bgd8.net|*.profile.us.bgd8.net|*.sso.us.bgd8.net|*.api.us.bgd8.net|*.secure.us.bgd8.net|*.o365.us.bgd8.net|*.us.bgd9.net|us.bgd9.net|*.profile.us.bgd9.net|*.sso.us.bgd9.net|*.api.us.bgd9.net|*.secure.us.bgd9.net|*.o365.us.bgd9.net|*.us.bgd10.net|us.bgd10.net|*.profile.us.bgd10.net|*.sso.us.bgd10.net|*.api.us.bgd10.net|*.secure.us.bgd10.net|*.engr.bgcorp.com|us.bgd11.net|*.us.bgd11.net|*.profile.us.bgd11.net|*.sso.us.bgd11.net|*.api.us.bgd11.net|*.secure.us.bgd11.net|*.o365.us.bgd11.net|ap-southeast1.bgcorp.com|*.ap-southeast1.bgcorp.com|ap-southeast-1.bgcorp.com|*.ap-southeast-1.bgcorp.com|ap-southeast2.bgcorp.com|*.ap-southeast2.bgcorp.com|eu-west2.bgcorp.com|*.eu-west2.bgcorp.com|us-east-2.bgcorp.com|*.us-east-2.bgcorp.com|us-west-2a.bgcorp.com|*.us-west-2a.bgcorp.com|us-west-2b.bgcorp.com|*.us-west-2b.bgcorp.com|us-west-2c.bgcorp.com|*.us-west-2c.bgcorp.com|us-east2.bgcorp.com|*.us-east2.bgcorp.com|eu-central1.bgcorp.com|*.eu-central1.bgcorp.com|eu-central-1.bgcorp.com|*.eu-central-1.bgcorp.com|eu-central-1a.bgcorp.com|*.eu-central-1a.bgcorp.com|eu-central1c.bgcorp.com|*.eu-central1c.bgcorp.com|ap-south1.bgcorp.com|*.ap-south1.bgcorp.com|ap-south1.bgcorp.com|*.ap-south-1.bgcorp.com|ap-south-1.bgcorp.com|*.ap-south-1a.bgcorp.com|ap-south-1a.bgcorp.com|*.ap-south-1b.bgcorp.com|ap-south-1b.bgcorp.com|*.ap-south-1c.bgcorp.com|ap-south-1c.bgcorp.com|*.ap-south1a.bgcorp.com|ap-south1a.bgcorp.com|*.ap-south1b.bgcorp.com|ap-south1b.bgcorp.com|*.ap-south1c.bgcorp.com|ap-south1c.bgcorp.com","","false"
"54.187.241.56","*.srtn.live","","","","","*.srtn.live","","false"
"54.187.241.58","*.us-west-2.es.amazonaws.com","","","","","*.us-west-2.es.amazonaws.com|*.cell-02.us-west-2.es.amazonaws.com","","false"
"54.187.241.65","senecaasyncmds.gamma.us-west-2.amazonaws.com","Amazon.com Inc.","US","Seattle","Washington","Senec-Exter-V366ECIDUKM7-4dd90c9a5aa94c97.elb.us-west-2.amazonaws.com|senecaasyncmds.gamma.us-west-2.amazonaws.com","","false"
"54.187.241.66","*.centric-cloud.com","Centric Software, Inc.","US","Campbell","California","*.centric-cloud.com|centric-cloud.com","","false"
"54.187.241.67","premeradevr21.egain.cloud","","","","","premeradevr21.egain.cloud","","false"
"54.187.241.82","*.plaympe.com","","","","","*.plaympe.com|plaympe.com","","false"
"54.187.241.87","evanchia.dpip.us-west-2.skybdev.alameda.aws.dev","","","","","evanchia.dpip.us-west-2.skybdev.alameda.aws.dev","","false"
"54.187.241.95","*.clickup-qa.com","","","","","*.clickup-qa.com","","false"
"54.187.241.102","*.execute-api.us-west-2.amazonaws.com","","","","","*.execute-api.us-west-2.amazonaws.com","","false"
"54.187.241.124","ip-12-0-0-10.us-west-2.compute.internal","","","","","ip-12-0-0-10.us-west-2.compute.internal","","true"
"54.187.241.129","54.187.241.129","","","","","","","false"
"54.187.241.136","kube-apiserver","","","","","4aa80edef53329737ff9b7cd1abbb5ae.gr7.us-west-2.eks.amazonaws.com|ip-10-0-127-60.us-west-2.compute.internal|kubernetes|kubernetes.default|kubernetes.default.svc|kubernetes.default.svc.cluster.local","10.100.0.1|192.168.188.40|10.0.127.60","false"
"54.187.241.142","*.bitcotapps.com","","","","","*.bitcotapps.com","","false"
"54.187.241.140","Kubernetes Ingress Controller Fake Certificate","Acme Co","","","","ingress.local","","true"
"54.187.241.148","*.5si6409seu55m.us-west-2.cs.amazonlightsail.com","","","","","*.5si6409seu55m.us-west-2.cs.amazonlightsail.com","","false"
"54.187.241.151","*.us-west-2.es.amazonaws.com","","","","","*.us-west-2.es.amazonaws.com|*.cell-02.us-west-2.es.amazonaws.com","","false"
"54.187.241.158","byu-dept-dce-prd.amazon.byu.edu","","","","","byu-dept-dce-prd.amazon.byu.edu|*.byu-dept-dce-prd.amazon.byu.edu","","false"
"54.187.241.157","kube-apiserver","","","","","1212605505fde0fcddabbb54b818af69.gr7.us-west-2.eks.amazonaws.com|ip-172-16-112-75.us-west-2.compute.internal|kubernetes|kubernetes.default|kubernetes.default.svc|kubernetes.default.svc.cluster.local","192.168.0.1|172.16.112.75","false"
"54.187.241.161","*.wanchain.org","","","","","*.wanchain.org|wanchain.org","","false"
"54.187.241.170","backing.jibing57.com","","","","","backing.jibing57.com","","false"
"54.187.241.172","verified-it.capitalone.com","Capital One Financial Corporation","US","McLean","Virginia","verified-it.capitalone.com|r2v-svc-ite-top.aws-stdt-qa.capitalonegslbex.com","","false"
"54.187.241.175","*.ftrprod.com","","","","","*.ftrprod.com","","false"
"54.187.241.177","faas.green.qa.eqiv.nonprod.issuerview.ihsmarkit.com","","","","","faas.green.qa.eqiv.nonprod.issuerview.ihsmarkit.com","","false"
"54.187.241.201","afaust.myfront.dev","","","","","afaust.myfront.dev|afaust.usw2.myfront.dev|api.afaust.myfront.dev|*.afaust.usw2.myfront.dev|*.api.afaust.myfront.dev|sso.afaust.myfront.dev|*.sso.afaust.myfront.dev|*.afaust.myfront.dev","","false"
"54.187.241.204","staging-reloaded-wp.haloconnect.com","","","","","staging-reloaded-wp.haloconnect.com","","false"
"54.187.241.205","*.plus1staging.net","","","","","*.plus1staging.net","","false"
"54.187.241.206","*.ow-qa-shard-owsoo5.edgenuityapp.com","","","","","*.ow-qa-shard-owsoo5.edgenuityapp.com|*.ow-qa-shard-owsoo5-app.wna.cloud","","false"
"54.187.241.221","*.us-west-2.es.amazonaws.com","","","","","*.us-west-2.es.amazonaws.com","","false"
"54.187.241.232","*.us-west-2.es.amazonaws.com","","","","","*.us-west-2.es.amazonaws.com|*.cell-02.us-west-2.es.amazonaws.com","","false"
"54.187.241.239","*.workdayeducation.com","Workday, Inc.","US","Pleasanton","California","*.workdayeducation.com|workdayeducation.com","","false"
"54.187.241.253","ip-172-31-34-36","SomeOrganization","--","SomeCity","SomeState","","","true"
"54.187.242.0","vpn.biobot.io","","","","","vpn.biobot.io","","false"
"54.187.242.7","*.cityba.se","","","","","*.cityba.se|cityba.se","","false"
"54.187.242.10","gistool.aka.corp.amazon.com","Amazon.com Inc.","US","Seattle","Washington","gistool.aka.corp.amazon.com","","false"
"54.187.242.11","theslimfatty.com","","","","","theslimfatty.com|www.theslimfatty.com","","false"
"54.187.242.16","fq12.floqast.engineering","","","","","fq12.floqast.engineering|*.fq12.floqast.engineering","","false"
"54.187.242.17","monitoring.prod.tawkify-infra.net","","","","","monitoring.prod.tawkify-infra.net","","false"
"54.187.242.19","earthlead.jp","","","","","earthlead.jp|www.earthlead.jp|*.earthlead.jp","","false"
"54.187.242.18","claude.flows.network","","","","","claude.flows.network","","false"
"54.187.242.28","*.prod.arria.com","","","","","*.prod.arria.com|*.dev.arria.com|*.studio.arria.com","","false"
"54.187.242.27","government-assistance.org","","","","","government-assistance.org|*.government-assistance.org","","false"
"54.187.242.31","nutritionevolvz.com","","","","","nutritionevolvz.com|*.nutritionevolvz.com","","false"
"54.187.242.38","*.intuit.com","INTUIT INC.","US","San Diego","California","*.intuit.com|*.sbfinance.intuit.com|*.iep.intuit.com|*.prd.platform.intuit.com|*.accountants.intuit.com|*.api.intuit.ae|*.api.intuit.com.au|*.prd.api.a.intuit.com|*.api.intuit.mx|*.sbfinance.stage.intuit.com|*.intuit.ca|*.workforce.intuit.com|*.appfabric.intuit.com|*.experimentation.intuit.com|*.platform.intuit.ca|*.stgl.intuit.com|*.finance.intuit.com|*.app.intuit.com|*.api.intuit.com|*.prf.api.a.intuit.com|*.qbo.intuit.com|*.api.intuit.fr|*.qa.api.a.intuit.com|*.banking.intuit.com|*.turbotaxonline.intuit.com|*.api.intuit.sg|*.turbotax.intuit.com|*.quickbooks.intuit.com|*.e2e.api.a.intuit.com|*.api.intuit.ca|*.api.intuit.net|*.accountant.intuit.com|*.tax.intuit.com|*.a.intuit.com|*.hosting.intuit.com|*.aws.api.intuit.com|*.api.intuit.co.za|*.ffffprdstg.intuit.com|*.api.intuit.ph|*.api.quickbooks.com.br|*.statefillableforms.com|*.business.intuit.com|*.ffffprd.intuit.com|*.api.intuit.hk|*.platform.intuit.com|*.qb.intuit.com|*.api.quickbooks.co.uk|*.mint.com|*.quickbooks.com","","false"
"54.187.242.44","*.baxterplanning.com","Baxter Planning Systems Opco, LLC","US","Austin","Texas","*.baxterplanning.com|*.bybaxter.com|baxterplanning.com|bybaxter.com","","false"
"54.187.242.50","kidsreadytoread.utah.gov","","","","","kidsreadytoread.utah.gov","","false"
"54.187.242.58","osabor-admin-uat.lumstondev.com","","","","","osabor-admin-uat.lumstondev.com","","false"
"54.187.242.71","*.kloud.io","","","","","*.kloud.io","","false"
"54.187.242.76","eddy.com","","","","","eddy.com|eddyhr.com|*.eddy.com|*.eddyhr.com","","false"
"54.187.242.89","DDG","","","","","","","true"
"54.187.242.100","userway.com","","","","","userway.com|www.userway.com","","false"
"54.187.242.107","*.stg.userrecertificationapi.anywhere.re","","","","","*.stg.userrecertificationapi.anywhere.re","","false"
"54.187.242.111","0909-183750-nano-pip-1.z.raymondx.leo.lightsail.ec2.aws.dev","","","","","0909-183750-nano-pip-1.z.raymondx.leo.lightsail.ec2.aws.dev","","false"
"54.187.242.110","randomlunches.klei.com","","","","","randomlunches.klei.com","","false"
"54.187.242.113","head.coda.io","","","","","head.coda.io|*.head.coda.io","","false"
"54.187.242.137","*.labs.adswizz.com","","","","","*.labs.adswizz.com","","false"
"54.187.242.149","*.us-west-2.es.amazonaws.com","","","","","*.us-west-2.es.amazonaws.com","","false"
"54.187.242.150","theproductdeals.com","","","","","theproductdeals.com|*.theproductdeals.com","","false"
"54.187.242.153","v3electric.com","","","","","v3electric.com|*.v3electric.com","","false"
"54.187.242.158","us-west-2.gamma.tagging.identity.aws.dev","","","","","us-west-2.gamma.tagging.identity.aws.dev","","false"
"54.187.242.160","*.ring.com","Ring LLC","US","Hawthorne","California","*.ring.com|ring.com","","false"
"54.187.242.161","*.se.wdi.cloud","","","","","*.se.wdi.cloud","","false"
"54.187.242.162","*.us-west-2.es.amazonaws.com","","","","","*.us-west-2.es.amazonaws.com","","false"
"54.187.242.174","*.us-west-2.es.amazonaws.com","","","","","*.us-west-2.es.amazonaws.com|*.cell-01.us-west-2.es.amazonaws.com","","false"
"54.187.242.181","usa272.sfdc-lywfpd.salesforce.com","Salesforce, Inc.","US","San Francisco","California","usa272.sfdc-lywfpd.salesforce.com|*.sandbox.my.salesforce.com|*.my.salesforce.com","","false"
"54.187.242.185","app.dollareats.com","","","","","app.dollareats.com","","false"
"54.187.242.189","deputy.com","","","","","deputy.com|*.uk.deputy.com|*.ent-au.deputy.com|*.eu.deputy.com|*.ent-na.deputy.com|*.ent-eu.deputy.com|once.deputy.com|*.ent-uk.deputy.com|*.au.deputy.com|*.as.deputy.com|*.demo.deputy.com|*.la.deputy.com|*.deputy.com|*.na.deputy.com|*.ent-as.deputy.com|*.af.deputy.com|www.deputy.com","","false"
"54.187.242.191","*.beta.execute-api.us-west-2.amazonaws.com","","","","","*.beta.execute-api.us-west-2.amazonaws.com","","false"
"54.187.242.207","*.us-west-2.es.amazonaws.com","","","","","*.us-west-2.es.amazonaws.com|*.cell-02.us-west-2.es.amazonaws.com","","false"
"54.187.242.210","stage-brew.boxcarcentral.com","","","","","stage-brew.boxcarcentral.com","","false"
"54.187.242.221","apliqo.fridev.finergy.amazon.dev","","","","","apliqo.fridev.finergy.amazon.dev","","false"
"54.187.242.233","ip-10-0-3-93","ip-10-0-3-93","US","","","","","true"
"54.187.242.239","www.anpi.biz","KYOCERA COMMUNICATION SYSTEMS Co., Ltd.","JP","KYOTO-SHI","KYOTO","www.anpi.biz|anpi.biz","","false"
"54.187.242.248","primodigitalsolutions.com","","","","","primodigitalsolutions.com|www.primodigitalsolutions.com","","false"
"54.187.243.6","*.fancy.tech","","","","","*.fancy.tech","","false"
"54.187.243.12","*.extremereach.io","","","","","*.extremereach.io|extremereach.io","","false"
"54.187.243.29","kube-apiserver","","","","","2567bf100cac4360ce5b421165496fc3.gr7.us-west-2.eks.amazonaws.com|ip-10-0-43-54.us-west-2.compute.internal|kubernetes|kubernetes.default|kubernetes.default.svc|kubernetes.default.svc.cluster.local","10.100.0.1|192.168.168.181|10.0.43.54","false"
"54.187.243.33","cwstage.cloud.lexmark.com","Lexmark International, Inc.","US","Lexington","Kentucky","cwstage.cloud.lexmark.com","","false"
"54.187.243.41","*.zooecho.com","","","","","*.zooecho.com|echo.zoodigital.com","","false"
"54.187.243.48","*.migrations.godaddy.com","","","","","*.migrations.godaddy.com|migrations.godaddy.com","","false"
"54.187.243.55","ip-172-31-45-194.us-west-2.compute.internal","Unspecified","US","","","ip-172-31-45-194.us-west-2.compute.internal","","false"
"54.187.243.57","www.thegolfpeople.com","","","","","www.thegolfpeople.com","","false"
"54.187.243.65","reisnetwork.moodysanalytics.com","Moody's Corporation","US","New York","New York","reisnetwork.moodysanalytics.com|www.reisnetwork.moodysanalytics.com","","false"
"54.187.243.66","awc.org","","","","","awc.org|www.awc.org","","false"
"54.187.243.67","*.sandbox.wiser.com","","","","","*.sandbox.wiser.com|*.k8s.sandbox.wiser.com","","false"
"54.187.243.73","*.us-west-2.es.amazonaws.com","","","","","*.us-west-2.es.amazonaws.com|*.cell-02.us-west-2.es.amazonaws.com","","false"
"54.187.243.90","*.us-west-2.es.amazonaws.com","","","","","*.us-west-2.es.amazonaws.com","","false"
"54.187.243.91","*.p2p.tribuneinteractive.com","","","","","*.p2p.tribuneinteractive.com","","false"
"54.187.243.92","*.techops.games.aws.dev","","","","","*.techops.games.aws.dev","","false"
"54.187.243.96","54.187.243.96","","","","","","","false"
"54.187.243.99","lckinteg.www.docs.aws.a2z.com","","","","","lckinteg.www.docs.aws.a2z.com","","false"
"54.187.243.109","kube-apiserver","","","","","377c8026de9139fef324869a894d2c0e.gr7.us-west-2.eks.amazonaws.com|ip-172-16-189-158.us-west-2.compute.internal|kubernetes|kubernetes.default|kubernetes.default.svc|kubernetes.default.svc.cluster.local","172.20.0.1|10.160.42.179|172.16.189.158","false"
"54.187.243.118","senergydataservices.ihsenergy.com","","","","","senergydataservices.ihsenergy.com|isenergydataservices.ihsenergy.com|denergydataservices.ihsenergy.com|tenergydataservices.ihsenergy.com","","false"
"54.187.243.126","security.ripplinginternal.com","","","","","security.ripplinginternal.com|*.security.ripplinginternal.com","","false"
"54.187.243.133","staging2-discussions.fvmigration.com","","","","","staging2-discussions.fvmigration.com|*.staging2-discussions.fvmigration.com","","false"
"54.187.243.142","kube-apiserver","","","","","35eb5c16aa3887812e67d3a412f19edd.gr7.us-west-2.eks.amazonaws.com|ip-10-0-99-59.us-west-2.compute.internal|kubernetes|kubernetes.default|kubernetes.default.svc|kubernetes.default.svc.cluster.local","10.100.0.1|172.31.16.98|10.0.99.59","false"
"54.187.243.141","foriauto.app.us.cdo.cisco.com","Cisco Systems Inc.","US","San Jose","California","foriauto.app.us.cdo.cisco.com","","false"
"54.187.243.147","*.convexlabs.io","","","","","*.convexlabs.io","","false"
"54.187.243.151","Kubernetes Ingress Controller Fake Certificate","Acme Co","","","","ingress.local","","true"
"54.187.243.156","argo.bus-prd.bus0.vbc.msg.prd.usw2.vonagenetworks.net","","","","","argo.bus-prd.bus0.vbc.msg.prd.usw2.vonagenetworks.net","","false"
"54.187.243.159","odysseus-api-us-prod.us-west-2.region.fm-cloud.com","","","","","odysseus-api-us-prod.us-west-2.region.fm-cloud.com","","false"
"54.187.243.184","*.app.hub.dev-ore.paymerang.com","","","","","*.app.hub.dev-ore.paymerang.com","","false"
"54.187.243.185","*.velma.com","","","","","*.velma.com|www.velma.com|sapi.velma.com|marketing.velma.com|velma.com|sapp.velma.com|app.velma.com|api.velma.com","","false"
"54.187.243.197","prod.centeon.us","","","","","prod.centeon.us","","false"
"54.187.243.199","kube-apiserver","","","","","c169494c8762d50ce9b0e6f5f0d02713.yl4.beta.us-west-2.clusters.wesley.amazonaws.com|ip-172-16-113-239.us-west-2.compute.internal|kubernetes|kubernetes.default|kubernetes.default.svc|kubernetes.default.svc.cluster.local","172.20.0.1|10.0.43.2|172.16.113.239","false"
"54.187.243.204","rpmac-dev.spe.sony.com","Sony Pictures Entertainment, Inc.","US","Culver City","California","rpmac-dev.spe.sony.com","","false"
"54.187.243.212","d37e4cfb3516b232.gamma.mediapackage.us-west-2.amazonaws.com","","","","","d37e4cfb3516b232.gamma.mediapackage.us-west-2.amazonaws.com","","false"
"54.187.243.237","*.cld-qvwwiy1vghn1mxgm.allen.s.anyscale-test.com","","","","","*.cld-qvwwiy1vghn1mxgm.allen.s.anyscale-test.com","","false"
"54.187.243.245","app.warranty.baewatch.global","","","","","app.warranty.baewatch.global","","false"
"54.187.244.0","*.execute-api.us-west-2.amazonaws.com","","","","","*.execute-api.us-west-2.amazonaws.com","","false"
"54.187.244.8","rockset.com","","","","","rockset.com|*.rockset.com|*.rs2.usw2.rockset.com","","false"
"54.187.244.33","stageservices.dizzion.io","","","","","stageservices.dizzion.io","","false"
"54.187.244.34","*.cheetah.com","","","","","*.cheetah.com|*.capws.cheetah.com","","false"
"54.187.244.59","*.sla-ptt.com","","","","","*.sla-ptt.com|sla-ptt.com","","false"
"54.187.244.63","toracom.net","","","","","toracom.com|toracom.net|www.toracom.com|www.toracom.net","","false"
"54.187.244.65","gamma.sonic.uc.amazon.dev","","","","","gamma.sonic.uc.amazon.dev","","false"
"54.187.244.68","connect.blackhawknetwork.com","Blackhawk Network Holdings, Inc","US","Pleasanton","California","connect.blackhawknetwork.com|www.connect.blackhawknetwork.com","","false"
"54.187.244.71","*.tract-staging.com","","","","","*.tract-staging.com|tract-staging.com","","false"
"54.187.244.70","corecompetency.sethigh.org","","","","","corecompetency.sethigh.org","","false"
"54.187.244.76","*.route53-recovery-cluster.us-west-2.amazonaws.com","","","","","*.us-west-2.cluster.meridian.amazonaws.com|*.route53-recovery-cluster.us-west-2.amazonaws.com","","false"
"54.187.244.83","*.us-west-2.es.amazonaws.com","","","","","*.us-west-2.es.amazonaws.com","","false"
"54.187.244.86","*.us-west-2.es.amazonaws.com","","","","","*.us-west-2.es.amazonaws.com|*.cell-02.us-west-2.es.amazonaws.com","","false"
"54.187.244.90","bmmikkel.developer.mediatailor.aws.a2z.com","","","","","bmmikkel.developer.mediatailor.aws.a2z.com|*.bmmikkel.developer.mediatailor.aws.a2z.com","","false"
"54.187.244.88","CloudFlare Origin Certificate","CloudFlare, Inc.","","","","*.tartle.co|sellers.staging.tartle.co|tartle.co","","false"
"54.187.244.95","*.searchrebel.com","","","","","*.searchrebel.com","","false"
"54.187.244.98","ip-172-31-21-75.us-west-2.compute.internal","Unspecified","US","","","ip-172-31-21-75.us-west-2.compute.internal","","false"
"54.187.244.126","benjaminchubbs.com","","","","","benjaminchubbs.com|www.benjaminchubbs.com","","false"
"54.187.244.128","*.tmogul.com","","","","","*.tmogul.com|*.tubemogul.com|tmogul.com|tubemogul.com|*.everesttech.net|everesttech.net","","false"
"54.187.244.136","backend.dev.printgenie.io","","","","","backend.dev.printgenie.io","","false"
"54.187.244.138","*.drama9.com","","","","","*.drama9.com|*.wbdnbo.net|*.wbdndc.net","","false"
"54.187.244.144","ip-172-31-47-109.us-west-2.compute.internal","Unspecified","US","","","ip-172-31-47-109.us-west-2.compute.internal","","false"
"54.187.244.146","*.us-west-2.es.amazonaws.com","","","","","*.us-west-2.es.amazonaws.com","","false"
"54.187.244.155","*.thirstxplus.com","","","","","*.thirstxplus.com|*.snackdash.com","","false"
"54.187.244.157","*.route53-recovery-cluster.us-west-2.amazonaws.com","","","","","*.us-west-2.cluster.meridian.amazonaws.com|*.route53-recovery-cluster.us-west-2.amazonaws.com","","false"
"54.187.244.160","kube-apiserver","","","","","2ba1c5e334c5c95ad6db7168d6618eb4.gr7.us-west-2.eks.amazonaws.com|ip-172-16-107-178.us-west-2.compute.internal|kubernetes|kubernetes.default|kubernetes.default.svc|kubernetes.default.svc.cluster.local","172.20.0.1|10.6.6.210|172.16.107.178","false"
"54.187.244.172","*.enseosupport.com","","","","","*.enseosupport.com|enseosupport.com","","false"
"54.187.244.179","*.irunsafe.com","","","","","*.irunsafe.com|*.stage.sportzpeak.com|iracesafe.com|irunsafe.com|*.sportzpeak.com|sportzpeak.com|*.iracesafe.com|*.stage.iracesafe.com|*.stage.irunsafe.com","","false"
"54.187.244.186","*.samsara.com","","","","","*.samsara.com","","false"
"54.187.244.189","54.187.244.189","Organization","US","Location","State","","54.187.244.189","true"
"54.187.244.197","*.bsimon.easycbmdev.com","","","","","*.bsimon.easycbmdev.com","","false"
"54.187.244.200","*.aornp.creditlens.moodysanalytics.com","Moody's Corporation","US","New York","New York","*.aornp.creditlens.moodysanalytics.com|aornp.creditlens.moodysanalytics.com|*.asynp.creditlens.moodysanalytics.com|*.airnp.creditlens.moodysanalytics.com","","false"
"54.187.244.206","dashboard-us.hubh2o.com","","","","","dashboard-us.hubh2o.com","","false"
"54.187.244.208","*.us-west-2.dev-tjones.tealiumapis.com","","","","","*.us-west-2.dev-tjones.tealiumapis.com","","false"
"54.187.244.220","*.qa.aws.lcloud.com","","","","","*.qa.aws.lcloud.com|qa.aws.lcloud.com","","false"
"54.187.244.232","*.zenniaws.com","","","","","*.zenniaws.com|www.zenniaws.com","","false"
"54.187.244.233","*.Ltts.com","L&T TECHNOLOGY SERVICES LIMITED","IN","Vadodara","Gujarat","*.Ltts.com|Ltts.com","","false"
"54.187.244.236","*.autorabit.com","","","","","*.autorabit.com|autorabit.com","","false"
"54.187.244.241","crs1.cayintech.biz","","","","","console.rc1.cayintech.biz|crs1.cayintech.biz|gallery.cayintech.biz|onlinehelp.cayintech.biz|resource1.cayintech.biz|weather.cayintech.biz","","false"
"54.187.244.254","*.us-west-2.es.amazonaws.com","","","","","*.us-west-2.es.amazonaws.com","","false"
"54.187.245.4","tpeproject.org","","","","","tpeproject.org|www.tpeproject.org","","false"
"54.187.245.11","vault.internal.idp.logixboard.com","","","","","vault.internal.idp.logixboard.com","","false"
"54.187.245.16","www.thepickemleague.com","","","","","thepickemleague.com|www.thepickemleague.com","","false"
"54.187.245.30","*.workstream.is","","","","","*.workstream.is|workstream.is","","false"
"54.187.245.39","lrcapi.cell-1.gamma.us-west-2.nonprod.connect.aws.a2z.com","","","","","lrcapi.cell-1.gamma.us-west-2.nonprod.connect.aws.a2z.com","","false"
"54.187.245.63","*.us-west-2.es.amazonaws.com","","","","","*.us-west-2.es.amazonaws.com|*.cell-02.us-west-2.es.amazonaws.com","","false"
"54.187.245.74","*.test.rightscale.com","","","","","*.test.rightscale.com|test.rightscale.com","","false"
"54.187.245.78","integrations.dr.experience.com","","","","","integrations.dr.experience.com","","false"
"54.187.245.91","*.walkscore.com","Walk Score","US","Seattle","Washington","","","true"
"54.187.245.96","www.test.rsa.hal.elpportal.com","","","","","www.test.rsa.hal.elpportal.com|test.rsa.hal.elpportal.com|test.rss.hawaiianair.com","","false"
"54.187.245.102","*.dw-ibm-demo-env.dp5i-5vkq.cloudera.site","","","","","*.dw-ibm-demo-env.dp5i-5vkq.cloudera.site|dw-ibm-demo-env.dp5i-5vkq.cloudera.site","","false"
"54.187.245.109","*.s.n.srv.nintendo.net","","","","","*.s.n.srv.nintendo.net","","false"
"54.187.245.137","stats-proxy-prod1.prod.phoenix-game.com","","","","","stats-proxy-prod1.prod.phoenix-game.com","","false"
"54.187.245.143","*.intentwise.com","","","","","*.intentwise.com|intentwise.com","","false"
"54.187.245.163","api.stg03.biobot.io","","","","","api.stg03.biobot.io","","false"
"54.187.245.170","prod.level.co","","","","","prod.level.co|*.level.co|*.prod.level.co","","false"
"54.187.245.174","fq6.floqast.engineering","","","","","fq6.floqast.engineering|*.fq6.floqast.engineering","","false"
"54.187.245.177","api.staging.alleyoop.camera","","","","","api.staging.alleyoop.camera","","false"
"54.187.245.207","*.tls1.yospace.com","","","","","*.tls1.yospace.com|tls1.yospace.com","","false"
"54.187.245.218","*.us-west-2.es.amazonaws.com","","","","","*.us-west-2.es.amazonaws.com|*.cell-02.us-west-2.es.amazonaws.com","","false"
"54.187.245.243","www.camutogroup.com.br","VICTORY ASSESSORIA EM COMPRAS LTDA","BR","Novo Hamburgo","Rio Grande do Sul","www.camutogroup.com.br|camutogroup.com.br","","false"
"54.187.245.248","*.stage.schoolcity.com","","","","","*.stage.schoolcity.com","","false"
"54.187.245.249","*.execute-api.us-west-2.amazonaws.com","","","","","*.execute-api.us-west-2.amazonaws.com","","false"
"54.187.246.14","kube-apiserver","","","","","c9ce5193779b2132180a26e45bdb23bb.gr7.us-west-2.eks.amazonaws.com|ip-10-0-43-227.us-west-2.compute.internal|kubernetes|kubernetes.default|kubernetes.default.svc|kubernetes.default.svc.cluster.local","10.100.0.1|192.168.67.183|10.0.43.227","false"
"54.187.246.24","*.us-west-2.es.amazonaws.com","","","","","*.us-west-2.es.amazonaws.com|*.cell-01.us-west-2.es.amazonaws.com","","false"
"54.187.246.32","ortega-boi.com","","","","","ortega-boi.com|*.ortega-boi.com","","false"
"54.187.246.39","dailyhive.com","","","","","dailyhive.com|*.dailyhive.com","","false"
"54.187.246.50","prod.bep-sism.viasat.io","","","","","prod.bep-sism.viasat.io","","false"
"54.187.246.53","*.5t24fa3k3rbju.us-west-2.cs.amazonlightsail.com","","","","","*.5t24fa3k3rbju.us-west-2.cs.amazonlightsail.com","","false"
"54.187.246.55","*.us-west-2.beta.cos-naws.prime-video.amazon.dev","","","","","*.us-west-2.beta.cos-naws.prime-video.amazon.dev|*.cos-naws.prime-video.amazon.dev","","false"
"54.187.246.57","*.mountain.com","","","","","*.mountain.com|mountain.com","","false"
"54.187.246.62","*.us-west-2.es-release.amazonaws.com","","","","","*.us-west-2.es-release.amazonaws.com","","false"
"54.187.246.71","diarioespiritual.gigamedia.com.br","","","","","diarioespiritual.gigamedia.com.br","","false"
"54.187.246.76","*.route53-recovery-cluster.us-west-2.amazonaws.com","","","","","*.us-west-2.cluster.meridian.amazonaws.com|*.route53-recovery-cluster.us-west-2.amazonaws.com","","false"
"54.187.246.75","knoxmed.co","","","","","knoxmed.co|demo.knoxmed.co|*.regress.knoxmed.co|*.dev.knoxmed.co|dev.knoxmed.co|*.qa.knoxmed.co|*.demo.knoxmed.co|regress.knoxmed.co|qa.knoxmed.co","","false"
"54.187.246.86","adfs.srce-dev.ucdavis.edu","","","","","adfs.srce-dev.ucdavis.edu","","false"
"54.187.246.93","*.rp1.biz","","","","","*.rp1.biz|rp1.biz","","false"
"54.187.246.99","*.tu3rjek9sfeiq.us-west-2.cs.amazonlightsail.com","","","","","*.tu3rjek9sfeiq.us-west-2.cs.amazonlightsail.com","","false"
"54.187.246.111","myinformationweb.com","","","","","myinformationweb.com|*.myinformationweb.com","","false"
"54.187.246.116","*.us-west-2.es.amazonaws.com","","","","","*.us-west-2.es.amazonaws.com|*.cell-02.us-west-2.es.amazonaws.com","","false"
"54.187.246.113","*.xenial.com","Global Payments Inc.","US","Atlanta","Georgia","*.xenial.com|xenial.com|bomgar.xenial.com","","false"
"54.187.246.126","","","","","","127.0.0.1|localhost|*.loragateway.joltstage.com|loragateway.joltstage.com|*.loragateway.jolt.com|loragateway.jolt.com|*.loragateway.joltup.com|loragateway.joltup.com","","false"
"54.187.246.135","lambda-fabric-alpha-fe-alb-95064676.us-west-2.elb.amazonaws.com","Amazon.com Inc.","US","Seattle","Washington","lambda-fabric-alpha-fe-alb-95064676.us-west-2.elb.amazonaws.com","","false"
"54.187.246.136","*.workdayeducation.com","Workday, Inc.","US","Pleasanton","California","*.workdayeducation.com|workdayeducation.com","","false"
"54.187.246.139","*.us-west-2.es.amazonaws.com","","","","","*.us-west-2.es.amazonaws.com","","false"
"54.187.246.140","*.bln1.yospace.com","","","","","*.bln1.yospace.com|bln1.yospace.com","","false"
"54.187.246.144","*.us-west-2.es.amazonaws.com","","","","","*.us-west-2.es.amazonaws.com|*.cell-02.us-west-2.es.amazonaws.com","","false"
"54.187.246.146","*.c21.us-west-2.airflow.amazonaws.com","","","","","*.c21.us-west-2.airflow.amazonaws.com","","false"
"54.187.246.154","*.tools.vlocinternal.com","","","","","*.tools.vlocinternal.com","","false"
"54.187.246.156","pmcdev.io","","","","","pmcdev.io|*.pmcdev.io","","false"
"54.187.246.161","*.leupold.com","Leupold & Stevens inc.","US","Beaverton","Oregon","*.leupold.com|leupold.com","","false"
"54.187.246.160","*.us-west-2.es.amazonaws.com","","","","","*.us-west-2.es.amazonaws.com|*.cell-01.us-west-2.es.amazonaws.com","","false"
"54.187.246.172","*.rmq.cloudamqp.com","","","","","*.in.cloudamqp.com|*.rmq.cloudamqp.com","","false"
"54.187.246.182","logstream-confident-chebyshev-12chp41.cribl.cloud","","","","","logstream-confident-chebyshev-12chp41.cribl.cloud|main-confident-chebyshev-12chp41.cribl.cloud|logstream.confident-chebyshev-12chp41.cribl.cloud|in.logstream.confident-chebyshev-12chp41.cribl.cloud|in.main-default-confident-chebyshev-12chp41.cribl.cloud|default.main.confident-chebyshev-12chp41.cribl.cloud|*.main.confident-chebyshev-12chp41.cribl.cloud","","false"
"54.187.246.185","analytics.unfabricdev.prime.amazon.dev","","","","","analytics.unfabricdev.prime.amazon.dev","","false"
"54.187.246.187","nonprod.shed.ea.tableausoftware.com","","","","","nonprod.shed.ea.tableausoftware.com","","false"
"54.187.246.190","staging.api.mantlebio.com","","","","","staging.api.mantlebio.com|api.mantlebio.com","","false"
"54.187.246.191","*.onevigor.tv","","","","","*.onevigor.tv|*.edisen.com|*.onevigor.us|onevigor.tv|edisen.com|onevigor.us","","false"
"54.187.246.196","revlx.cloud","","","","","revlx.cloud|*.revlx.cloud","","false"
"54.187.246.202","*.us-west-2.es.amazonaws.com","","","","","*.us-west-2.es.amazonaws.com|*.cell-01.us-west-2.es.amazonaws.com","","false"
"54.187.246.214","*.aws-dev.seesnake.com","","","","","*.aws-dev.seesnake.com","","false"
"54.187.246.221","*.us-west-2.es-regression.amazonaws.com","","","","","*.us-west-2.es-regression.amazonaws.com","","false"
"54.187.246.231","localhost","x","xx","x","x","","","true"
"54.187.246.237","*.gallodigital.com","","","","","*.gallodigital.com","","false"
"54.187.246.240","akn.analytics.autodesk.com","Autodesk, Inc.","US","San Francisco","California","akn.analytics.autodesk.com|akn.analytics-staging.autodesk.com","","false"
"54.187.246.247","Kubernetes Ingress Controller Fake Certificate","Acme Co","","","","ingress.local","","true"
"54.187.246.250","kube-apiserver","","","","","703e7d2d2fed2ed44e7cd0c448b4eadf.gr7.us-west-2.eks.amazonaws.com|ip-172-16-114-179.us-west-2.compute.internal|kubernetes|kubernetes.default|kubernetes.default.svc|kubernetes.default.svc.cluster.local","172.20.0.1|10.175.182.143|172.16.114.179","false"
"54.187.246.252","*.vdi.ariseplatform.com","","","","","*.vdi.ariseplatform.com","","false"
"54.187.247.4","www.chrisharvey.dev","","","","","www.chrisharvey.dev|chrisharvey.dev","","false"
"54.187.247.9","*.us-west-2.es.amazonaws.com","","","","","*.us-west-2.es.amazonaws.com|*.cell-02.us-west-2.es.amazonaws.com","","false"
"54.187.247.18","*.dev-las.guidewire.net","","","","","*.dev-las.guidewire.net","","false"
"54.187.247.20","*.ephemeral.in","","","","","*.ephemeral.in","","false"
"54.187.247.21","*.spectrumcloud.net","","","","","*.spectrumcloud.net|spectrumcloud.net","","false"
"54.187.247.25","alpha.us-west-2.s3-greensight-ops-tool.s3.aws.dev","","","","","alpha.us-west-2.s3-greensight-ops-tool.s3.aws.dev","","false"
"54.187.247.30","*.beamable.com","","","","","*.beamable.com","","false"
"54.187.247.37","ease-qa-main.aws-stsd-dqa.capitalonegslbex.com","Capital One Financial Corporation","US","McLean","Virginia","ease-qa-main.aws-stsd-dqa.capitalonegslbex.com|ease-reg-main.aws-stsd-dqa.capitalonegslbex.com|ease-dev1-main.aws-stsd-dqa.capitalonegslbex.com|ease-dev2-main.aws-stsd-dqa.capitalonegslbex.com|ease-dev3-main.aws-stsd-dqa.capitalonegslbex.com|ease-qa-main.c4cb9d5567.capitalonegslbex.com|ease-qa1-main.c4cb9d5567.capitalonegslbex.com|ease-qa2-main.c4cb9d5567.capitalonegslbex.com|ease-reg-main.c4cb9d5567.capitalonegslbex.com|ease-dev1-main.26347f64d0.capitalonegslbex.com|ease-dev2-main.26347f64d0.capitalonegslbex.com|ease-dev3-main.26347f64d0.capitalonegslbex.com","","false"
"54.187.247.43","spade.twitch.tv","","","","","spade.twitch.tv|*.sjc02.hls.ttvnw.net|*.stats.live-video.net|*.sjc02.hls.live-video.net|*.sjc05.hls.live-video.net|trowel.twitch.tv|*.pdx01.abs.hls.ttvnw.net","","false"
"54.187.247.44","alpha.capi.us-west-2.kitsone.alameda.aws.dev","","","","","alpha.capi.us-west-2.kitsone.alameda.aws.dev","","false"
"54.187.247.45","dev-secondary.eli-technology.ca","","","","","dev-secondary.eli-technology.ca","","false"
"54.187.247.52","*.cjbk4uoddedp4.us-west-2.cs.amazonlightsail.com","","","","","*.cjbk4uoddedp4.us-west-2.cs.amazonlightsail.com","","false"
"54.187.247.84","mi.airshedgroup.org","","","","","mi.airshedgroup.org","","false"
"54.187.247.96","archiva.elexity.net","","","","","archiva.elexity.net","","false"
"54.187.247.101","*.dm-qa.com","","","","","*.dm-qa.com","","false"
"54.187.247.110","*.qstrike.net","","","","","*.qstrike.net","","false"
"54.187.247.112","*.us-west-2.es.amazonaws.com","","","","","*.us-west-2.es.amazonaws.com|*.cell-01.us-west-2.es.amazonaws.com","","false"
"54.187.247.115","kube-apiserver","","","","","c2d227935cb3ec3fc3a990bda41b5bf7.sk1.beta.us-west-2.clusters.wesley.amazonaws.com|ip-172-16-184-23.us-west-2.compute.internal|kubernetes|kubernetes.default|kubernetes.default.svc|kubernetes.default.svc.cluster.local","fd3a:440e:f36e::1|2600:1f14:3cd9:5122::c87|172.16.184.23","false"
"54.187.247.122","*.fecjvcnqgpi7o.us-west-2.cs.amazonlightsail.com","","","","","*.fecjvcnqgpi7o.us-west-2.cs.amazonlightsail.com","","false"
"54.187.247.129","kube-apiserver","","","","","74a78364e2ed6a809f191a4559e04a41.gr7.us-west-2.eks.amazonaws.com|ip-172-16-97-233.us-west-2.compute.internal|kubernetes|kubernetes.default|kubernetes.default.svc|kubernetes.default.svc.cluster.local","fd77:607d:a4a6::1|2600:1f14:1aab:9501::488e|172.16.97.233","false"
"54.187.247.132","*.execute-api.us-west-2.amazonaws.com","","","","","*.execute-api.us-west-2.amazonaws.com","","false"
"54.187.247.133","*.dtdms.io","","","","","*.dtdms.io","","false"
"54.187.247.135","*.concentricsky.com","","","","","*.concentricsky.com","","false"
"54.187.247.139","staging.handoffs.com","","","","","staging.handoffs.com|*.staging.handoffs.com","","false"
"54.187.247.143","remote.strongtie.com","Simpson Strong-Tie Company Inc.","US","Pleasanton","California","remote.strongtie.com","","false"
"54.187.247.155","*.us-west-2.cloudsearch.amazonaws.com","","","","","*.us-west-2.cloudsearch.amazonaws.com","","false"
"54.187.247.158","*.samsara.com","","","","","*.samsara.com","","false"
"54.187.247.165","201.srv.clientrabbit.com","","","","","201.srv.clientrabbit.com","","true"
"54.187.247.169","*.tls1.yospace.com","","","","","*.tls1.yospace.com|tls1.yospace.com","","false"
"54.187.247.181","*.unqork.io","","","","","*.unqork.io","","false"
"54.187.247.189","idp-webhook.np.pe.maya.ph","","","","","idp-webhook.np.pe.maya.ph|*.idp-webhook.np.pe.maya.ph","","false"
"54.187.247.198","*.route53-recovery-cluster.us-west-2.amazonaws.com","","","","","*.us-west-2.cluster.meridian.amazonaws.com|*.route53-recovery-cluster.us-west-2.amazonaws.com","","false"
"54.187.247.204","*.cld-98446qycf9pvqyk1.s.anyscaleuserdata.com","","","","","*.cld-98446qycf9pvqyk1.s.anyscaleuserdata.com","","false"
"54.187.247.214","kube-apiserver","","","","","c804985aff31865ff77d935b83a0656b.gr7.us-west-2.eks.amazonaws.com|ip-172-16-41-54.us-west-2.compute.internal|kubernetes|kubernetes.default|kubernetes.default.svc|kubernetes.default.svc.cluster.local","172.20.0.1|10.1.217.110|172.16.41.54","false"
"54.187.247.216","sd1.dev-argta-2.nintendo.com","","","","","sd1.dev-argta-2.nintendo.com","","false"
"54.187.247.224","dash-tsviz.ds.czbiohub.org","","","","","dash-tsviz.ds.czbiohub.org","","false"
"54.187.247.227","*.asmmbc.net","","","","","*.asmmbc.net","","false"
"54.187.247.234","citi-credit-uat.staging.gfincloud.com","GENPACT INDIA PRIVATE LIMITED","IN","","Delhi","citi-credit-uat.staging.gfincloud.com|esb-tuscany-uat.staging.gfincloud.com|nlb-esb-tuscany-uat.staging.gfincloud.com","","false"
"54.187.247.233","*.livanta1.com","","","","","*.livanta1.com|livanta1.com","","false"
"54.187.247.231","hec.maregservices.com","","","","","hec.maregservices.com","","false"
"54.187.247.235","*.schneidermans.com","","","","","*.schneidermans.com","","false"
"54.187.247.240","bev2.suhaibwebb.com","","","","","bev2.suhaibwebb.com","","false"
"54.187.247.243","*.bln1.yospace.com","","","","","*.bln1.yospace.com|bln1.yospace.com","","false"
"54.187.247.252","*.route53-recovery-cluster.us-west-2.amazonaws.com","","","","","*.us-west-2.cluster.meridian.amazonaws.com|*.route53-recovery-cluster.us-west-2.amazonaws.com","","false"
"54.187.248.1","*.sunfirematrix.com","","","","","*.sunfirematrix.com","","false"
"54.187.248.13","ecointeractive-labs.com","","","","","ecointeractive-labs.com|*.ecointeractive-labs.com","","false"
"54.187.248.30","*.core.aws.cere.io","","","","","*.core.aws.cere.io","","false"
"54.187.248.36","landscapeprofile.ca","","","","","landscapeprofile.ca|www.landscapeprofile.ca","","false"
"54.187.248.38","*.site-link.com","","","","","*.site-link.com|site-link.com","","false"
"54.187.248.49","www.portalescaperooms.net","","","","","www.portalescaperooms.net|portalescaperooms.net","","false"
"54.187.248.51","ai-searchgpt.com","","","","","ai-searchgpt.com|*.ai-searchgpt.com","","false"
"54.187.248.62","CloudFlare Origin Certificate","CloudFlare, Inc.","","","","*.blinklos.com|blinklos.com","","false"
"54.187.248.63","*.7fp607g6lj1nm.us-west-2.cs.amazonlightsail.com","","","","","*.7fp607g6lj1nm.us-west-2.cs.amazonlightsail.com","","false"
"54.187.248.66","nba-dev.centurylink.com","","","","","nba-dev.centurylink.com|*.pegacloud.net","","false"
"54.187.248.79","kube-apiserver","","","","","10c7c9f82cecf3b6d031be07eb7d10b6.gr7.us-west-2.eks.amazonaws.com|ip-10-0-181-218.us-west-2.compute.internal|kubernetes|kubernetes.default|kubernetes.default.svc|kubernetes.default.svc.cluster.local","10.100.0.1|172.31.0.10|10.0.181.218","false"
"54.187.248.80","origin-secondary.signer-revocation-gamma.amazonaws.com","","","","","origin-secondary.signer-revocation-gamma.amazonaws.com","","false"
"54.187.248.81","*.qgai0uofupcsk.us-west-2.cs.amazonlightsail.com","","","","","*.qgai0uofupcsk.us-west-2.cs.amazonlightsail.com","","false"
"54.187.248.100","alphashomecare.com","","","","","alphashomecare.com","","false"
"54.187.248.99","main-magical-elgamal-n9nhx44.cribl.cloud","","","","","main-magical-elgamal-n9nhx44.cribl.cloud|default.main.magical-elgamal-n9nhx44.cribl.cloud|in.main-default-magical-elgamal-n9nhx44.cribl.cloud|*.main.magical-elgamal-n9nhx44.cribl.cloud","","false"
"54.187.248.103","www.rebackoffice.com","","","","","www.rebackoffice.com|rebackoffice.com","","false"
"54.187.248.106","*.prod.phantom.ai","","","","","*.prod.phantom.ai","","false"
"54.187.248.107","*.us-west-2.es.amazonaws.com","","","","","*.us-west-2.es.amazonaws.com|*.cell-01.us-west-2.es.amazonaws.com","","false"
"54.187.248.110","api.staging.etapinsure.com","","","","","api.staging.etapinsure.com","","false"
"54.187.248.116","portal.duocircle.com","","","","","portal.duocircle.com|api.duocircle.com","","false"
"54.187.248.142","*.na4.livevox.com","","","","","*.na4.livevox.com|na4.livevox.com","","false"
"54.187.248.149","api.baggs.fenghsiy.desktop.brandregistry.a2z.com","","","","","api.baggs.fenghsiy.desktop.brandregistry.a2z.com|local-onebox-playground.baggs.fenghsiy.desktop.brandregistry.a2z.com|api-onebox.baggs.fenghsiy.desktop.brandregistry.a2z.com|local-onebox.baggs.fenghsiy.desktop.brandregistry.a2z.com|local.baggs.fenghsiy.desktop.brandregistry.a2z.com|local-playground.baggs.fenghsiy.desktop.brandregistry.a2z.com","","false"
"54.187.248.154","kube-apiserver","","","","","1fef597928f5afa44f02fb676b8a4dd7.gr7.us-west-2.eks.amazonaws.com|ip-10-0-172-42.us-west-2.compute.internal|kubernetes|kubernetes.default|kubernetes.default.svc|kubernetes.default.svc.cluster.local","10.100.0.1|192.168.126.110|10.0.172.42","false"
"54.187.248.161","*.us-west-2.es.amazonaws.com","","","","","*.us-west-2.es.amazonaws.com|*.cell-01.us-west-2.es.amazonaws.com","","false"
"54.187.248.165","*.jazzpharma.com","Jazz Pharmaceuticals Inc","US","Palo Alto","California","*.jazzpharma.com|jazzpharma.com","","false"
"54.187.248.166","*.dev.credoai.net","","","","","*.dev.credoai.net","","false"
"54.187.248.176","default-cert-for-alb.vitrascan.com","","","","","default-cert-for-alb.vitrascan.com","","false"
"54.187.248.179","*.us-west-2.es.amazonaws.com","","","","","*.us-west-2.es.amazonaws.com|*.cell-01.us-west-2.es.amazonaws.com","","false"
"54.187.248.198","*.reversible.com","","","","","*.reversible.com","","false"
"54.187.248.194","*.lithic.com","Lithic, Inc.","US","New York","New York","*.lithic.com|lithic.com","","false"
"54.187.248.205","auth.holacash.mx","","","","","auth.holacash.mx","","false"
"54.187.248.208","store.wavedistro.com","","","","","store.wavedistro.com","","false"
"54.187.248.218","koonolmexico.com","","","","","koonolmexico.com|*.api.koonolmexico.com","","false"
"54.187.248.224","*.fthll.elluciancloud.com","Ellucian Company L.P.","US","Reston","Virginia","*.fthll.elluciancloud.com|fthll.elluciancloud.com","","false"
"54.187.248.231","*.us-west-2.es.amazonaws.com","","","","","*.us-west-2.es.amazonaws.com","","false"
"54.187.248.247","*.cloud.tanium.com","","","","","*.cloud.tanium.com","","false"
"54.187.248.248","beta.corpsec.soar.security.aws.dev","","","","","beta.corpsec.soar.security.aws.dev","","false"
"54.187.249.1","*.pltsci.com","","","","","*.pltsci.com","","false"
"54.187.249.4","*.lifesizecloud.com","Lifesize, Inc.","US","Austin","Texas","*.lifesizecloud.com|lifesizecloud.com","","false"
"54.187.249.31","stickybomb.gg","","","","","stickybomb.gg|*.stickybomb.gg","","false"
"54.187.249.34","*.email-tracking.test.affinity.vc","","","","","*.email-tracking.test.affinity.vc","","false"
"54.187.249.37","*.us-west-2.es.amazonaws.com","","","","","*.us-west-2.es.amazonaws.com|*.cell-02.us-west-2.es.amazonaws.com","","false"
"54.187.249.42","textpanther.com","","","","","textpanther.com|*.textpanther.com","","false"
"54.187.249.51","*.phoenix.gogame.net","","","","","*.phoenix.gogame.net","","false"
"54.187.249.59","hamletuser.development.mulya2.hamlet.devices.amazon.dev","","","","","hamletuser.development.mulya2.hamlet.devices.amazon.dev","","false"
"54.187.249.60","*.creditlens.moodysanalytics.com","Moody's Corporation","US","New York","New York","*.creditlens.moodysanalytics.com|creditlens.moodysanalytics.com","","false"
"54.187.249.65","sgpi.com.co","","","","","sgpi.com.co|*.sgpi.com.co","","false"
"54.187.249.70","st-extermination.staging.offworldindustries.com","","","","","st-extermination.staging.offworldindustries.com","","false"
"54.187.249.112","sonar-qa.zerigohealth.com","","","","","sonar-qa.zerigohealth.com","","false"
"54.187.249.110","*.jnjhealthtech.com","","","","","*.jnjhealthtech.com","","false"
"54.187.249.122","*.romwe.com","ROADGET BUSINESS PTE. LTD.","SG","Singapore","","*.romwe.com|romwe.com","","false"
"54.187.249.123","mediatailor.us-west-2.amazonaws.com","","","","","mediatailor.us-west-2.amazonaws.com|*.mediatailor.us-west-2.amazonaws.com","","false"
"54.187.249.137","parsey.com","","","","","parsey.com|www.parsey.com","","false"
"54.187.249.139","*.maritz.com","Maritz LLC","US","Fenton","Missouri","*.maritz.com|maritz.com","","false"
"54.187.249.145","airflow-2.searchdata-core.amazon.dev","","","","","airflow-2.searchdata-core.amazon.dev|prod.airflow-2.searchdata-core.amazon.dev|beta.airflow-2.searchdata-core.amazon.dev","","false"
"54.187.249.144","*.us-west-2.es.amazonaws.com","","","","","*.us-west-2.es.amazonaws.com","","false"
"54.187.249.147","*.workdayeducation.com","Workday, Inc.","US","Pleasanton","California","*.workdayeducation.com|workdayeducation.com","","false"
"54.187.249.167","*.us-west-2.es.amazonaws.com","","","","","*.us-west-2.es.amazonaws.com|*.cell-02.us-west-2.es.amazonaws.com","","false"
"54.187.249.169","alb.gamma-ph.devo.jobsatamazon.hvh.a2z.com","","","","","alb.gamma-ph.devo.jobsatamazon.hvh.a2z.com","","false"
"54.187.249.180","foodstampinformation.com","","","","","foodstampinformation.com|*.foodstampinformation.com","","false"
"54.187.249.200","*.us-west-2.es.amazonaws.com","","","","","*.us-west-2.es.amazonaws.com|*.cell-02.us-west-2.es.amazonaws.com","","false"
"54.187.249.201","abc.tacosai.com","","","","","abc.tacosai.com","","false"
"54.187.249.206","*.us-west-2.es.amazonaws.com","","","","","*.us-west-2.es.amazonaws.com|*.cell-02.us-west-2.es.amazonaws.com","","false"
"54.187.249.211","admin.partner101.co","","","","","admin.partner101.co","","false"
"54.187.249.226","*.us-west-2.es.amazonaws.com","","","","","*.us-west-2.es.amazonaws.com|*.cell-02.us-west-2.es.amazonaws.com","","false"
"54.187.249.225","*.re.domino.tech","","","","","*.re.domino.tech|re.domino.tech","","false"
"54.187.249.227","*.meetup.com","","","","","*.meetup.com","","false"
"54.187.249.231","*.okwow.com","","","","","*.okwow.com","","false"
"54.187.249.233","homealarmreport.com","","","","","homealarmreport.com|*.homealarmreport.com","","false"
"54.187.249.249","unifiedqa.dmed.technology","","","","","unifiedqa.dmed.technology|*.unifiedqa.dmed.technology","","false"
"54.187.250.0","api-tokenization-it.capitalone.com","Capital One Financial Corporation","US","McLean","Virginia","api-tokenization-it.capitalone.com|manchester-it.capitalone.com","","false"
"54.187.250.4","kube-apiserver","","","","","a472f995da021be03077d8202d5282da.gr7.us-west-2.eks.amazonaws.com|ip-172-16-53-195.us-west-2.compute.internal|kubernetes|kubernetes.default|kubernetes.default.svc|kubernetes.default.svc.cluster.local","172.20.0.1|10.0.2.235|172.16.53.195","false"
"54.187.250.13","oc.awarerecoverycarejobs.com","","","","","oc.awarerecoverycarejobs.com","","false"
"54.187.250.10","*.rappi.com","","","","","*.rappi.com|rappi.com","","false"
"54.187.250.30","api2excel.com","","","","","api2excel.com|www.api2excel.com","","false"
"54.187.250.32","*.pltsci.com","","","","","*.pltsci.com","","false"
"54.187.250.33","apis.dev.vantagehpc.io","","","","","apis.dev.vantagehpc.io","","false"
"54.187.250.40","*.7fchhvs5h97n2.us-west-2.cs.amazonlightsail.com","","","","","*.7fchhvs5h97n2.us-west-2.cs.amazonlightsail.com","","false"
"54.187.250.45","bolt-origin.dmd.dtcisb.technology","","","","","bolt-origin.dmd.dtcisb.technology|bolt-origin-weighted.us-west-2.dmd.dtcisb.technology|bolt-origin-latency.dmd.dtcisb.technology|bolt-origin.us-west-2.dmd.dtcisb.technology","","false"
"54.187.250.58","*.us-west-2.es.amazonaws.com","","","","","*.us-west-2.es.amazonaws.com|*.cell-02.us-west-2.es.amazonaws.com","","false"
"54.187.250.63","uas.geforcenow.com","","","","","uas.geforcenow.com|us-east-1.uas.geforcenow.com|us-west-2.uas.geforcenow.com|ap-northeast-1.uas.geforcenow.com|eu-west-1.uas.geforcenow.com","","false"
"54.187.250.64","*.dsmcentral.com","","","","","*.dsmcentral.com|dsmcentral.com","","false"
"54.187.250.68","example.com","","","","","","","true"
"54.187.250.73","*.justplayss.com","","","","","*.justplayss.com","","false"
"54.187.250.77","sonarqube.wiq.people.aws.dev","","","","","sonarqube.wiq.people.aws.dev","","false"
"54.187.250.81","*.rappi.com.co","","","","","*.rappi.com.co|rappi.com.co","","false"
"54.187.250.93","*.us-west-2.es.amazonaws.com","","","","","*.us-west-2.es.amazonaws.com|*.cell-02.us-west-2.es.amazonaws.com","","false"
"54.187.250.103","*.dexterity.capital","","","","","*.dexterity.capital","","false"
"54.187.250.116","*.qa.crosslinkonline.com","","","","","*.qa.crosslinkonline.com","","false"
"54.187.250.130","*.tinkermode.dev","","","","","*.tinkermode.dev","","false"
"54.187.250.141","*.enroll.pca-connector-scep-beta.us-west-2.api.aws","","","","","*.enroll.pca-connector-scep-beta.us-west-2.api.aws","","false"
"54.187.250.146","*.ezpartybooking.com","","","","","*.ezpartybooking.com","","false"
"54.187.250.153","sendy.dev.bicycle.io","","","","","sendy.dev.bicycle.io","","false"
"54.187.250.156","wiki.ipsecure.com","","","","","wiki.ipsecure.com","","false"
"54.187.250.164","websocket-4.us-west-2.prod.twitchircedge.twitch.a2z.com","","","","","websocket-4.us-west-2.prod.twitchircedge.twitch.a2z.com|*.websocket-4.us-west-2.prod.twitchircedge.twitch.a2z.com","","false"
"54.187.250.165","retail-demo-ronakbsh.example.com","","","","","retail-demo-ronakbsh.example.com","","true"
"54.187.250.169","*.mookapps.com","","","","","*.mookapps.com|mookapps.com","","false"
"54.187.250.170","api.ev2g.dev.gauntlet.iss-scms.com","","","","","api.ev2g.dev.gauntlet.iss-scms.com","","false"
"54.187.250.178","tuttle-prod.link","","","","","tuttle-prod.link|*.tuttle-prod.link","","false"
"54.187.250.179","fraudcast.opsecsecurity.com","OpSec Online LLC","US","Meridian","Idaho","fraudcast.opsecsecurity.com|www.fraudcast.opsecsecurity.com","","false"
"54.187.250.180","api.flowflickerapp.com","","","","","api.flowflickerapp.com","","false"
"54.187.250.181","54.187.250.181","","","","","54.187.250.181","","false"
"54.187.250.182","*.calbright.splunkcloud.com","Splunk Inc.","US","San Francisco","California","*.calbright.splunkcloud.com|calbright.splunkcloud.com|http-inputs-calbright.splunkcloud.com|*.http-inputs-calbright.splunkcloud.com|akamai-inputs-calbright.splunkcloud.com|*.akamai-inputs-calbright.splunkcloud.com|http-inputs-ack-calbright.splunkcloud.com|*.http-inputs-ack-calbright.splunkcloud.com|http-inputs-firehose-calbright.splunkcloud.com|*.http-inputs-firehose-calbright.splunkcloud.com|*.pvt.calbright.splunkcloud.com|pvt.calbright.splunkcloud.com","","false"
"54.187.250.184","*.us-west-2.es.amazonaws.com","","","","","*.us-west-2.es.amazonaws.com|*.cell-02.us-west-2.es.amazonaws.com","","false"
"54.187.250.195","*.ephemeral.in","","","","","*.ephemeral.in","","false"
"54.187.250.199","*.demo.moveworks.io","","","","","*.demo.moveworks.io|*.moveworks.io|*.moveworks.ai","","false"
"54.187.250.220","rancher.fobi.cloud","","","","","rancher.fobi.cloud","","false"
"54.187.250.226","ip-172-31-41-30","SomeOrganization","--","SomeCity","SomeState","","","true"
"54.187.250.229","portal-soc2.secmcs.com","","","","","portal-soc2.secmcs.com|image-soc2.secmcs.com|hosted-soc2.secmcs.com|server-soc2.secmcs.com","","false"
"54.187.250.230","proxy-router-capital.qbcapitalprdusw2.iks2.a.intuit.com","INTUIT INC.","US","San Diego","California","proxy-router-capital.qbcapitalprdusw2.iks2.a.intuit.com|www.quickbooksfinancing.intuit.com|static.quickbookscapital.intuitcdn.net|www.quickbookscapitol.com|www.quickbookscapital.intuit.com|quickbooksfinancing.intuit.com|quickbookscapital.intuit.com|money-capital-stg-proxy-router.qbcapitalprdusw2.iks2.a.intuit.com|www.quickbooksfinancing.com|www.quickbookscapital.com|money-capital-prd-proxy-router.qbcapitalprdusw2.iks2.a.intuit.com","","false"
"54.187.250.231","*.lncontent.works","","","","","*.lncontent.works","","false"
"54.187.250.234","*.lapineinc.com","","","","","*.lapineinc.com|lapineinc.com","","false"
"54.187.250.232","muyangchen.com","","","","","muyangchen.com|bio.muyangchen.com|research.muyangchen.com|project.muyangchen.com|www.muyangchen.com|book.muyangchen.com|teaching.muyangchen.com|contact.muyangchen.com","","false"
"54.187.250.250","*.abbott.camps.dev.smdinfra.net","","","","","*.abbott.camps.dev.smdinfra.net|*.abbott-sidecar.camps.dev.smdinfra.net","","false"
"54.187.250.251","*.drapi-pp.aws.dealertrack.com","","","","","*.drapi-pp.aws.dealertrack.com","","false"
"54.187.251.0","sre-test.flyziplinedev.com","","","","","sre-test.flyziplinedev.com|color-test.flyziplinedev.com|colors-test.flyziplinedev.com|color.flyziplinedev.com|sre.flyziplinedev.com|colors.flyziplinedev.com","","false"
"54.187.251.17","*.us-west-2.es.amazonaws.com","","","","","*.us-west-2.es.amazonaws.com|*.cell-01.us-west-2.es.amazonaws.com","","false"
"54.187.251.19","links.bmiglobaled.com","","","","","links.bmiglobaled.com","","false"
"54.187.251.20","origin-stage-starbucks-us-west-2.katmaitech.com","","","","","origin-stage-starbucks-us-west-2.katmaitech.com|origin-stage-starbucks.katmaitech.com|stage-starbucks.katmaitech.com","","false"
"54.187.251.42","ip-10-0-0-51","SomeOrganization","--","SomeCity","SomeState","","","true"
"54.187.251.45","*.univoip.cloud","","","","","*.univoip.cloud","","false"
"54.187.251.52","device-ext.procyon.ai","Procyon Inc.","US","","CA","","","false"
"54.187.251.58","topapp-api.apps.ke","","","","","topapp-api.apps.ke|www.topapp-api.apps.ke","","false"
"54.187.251.66","*.us-west-2.es.amazonaws.com","","","","","*.us-west-2.es.amazonaws.com","","false"
"54.187.251.71","*.us-west-2.es.amazonaws.com","","","","","*.us-west-2.es.amazonaws.com|*.cell-02.us-west-2.es.amazonaws.com","","false"
"54.187.251.80","abchudsonui.cell-1.dev.us-west-2.nonprod.connect.aws.a2z.com","","","","","abchudsonui.cell-1.dev.us-west-2.nonprod.connect.aws.a2z.com","","false"
"54.187.251.98","*.thoughtspotstaging.cloud","","","","","*.thoughtspotstaging.cloud","","false"
"54.187.251.99","test.socialnature.com","","","","","test.socialnature.com|test-api.socialnature.com","","false"
"54.187.251.100","ptp.us-west-2.aws.smarsh.cloud","","","","","*.cc-demo-internal.ptp.us-west-2.aws.smarsh.cloud|*.cc-demo.ptp.us-west-2.aws.smarsh.cloud|*.cc-internal.ptp.us-west-2.aws.smarsh.cloud|*.cc-uat-internal.ptp.us-west-2.aws.smarsh.cloud|*.cc-uat.ptp.us-west-2.aws.smarsh.cloud|*.cc.ptp.us-west-2.aws.smarsh.cloud|*.ccemail-demo.ptp.us-west-2.aws.smarsh.cloud|*.ccemail-uat.ptp.us-west-2.aws.smarsh.cloud|*.ccemail.ptp.us-west-2.aws.smarsh.cloud|*.ccv-demo.ptp.us-west-2.aws.smarsh.cloud|*.ccv-uat.ptp.us-west-2.aws.smarsh.cloud|*.ccv.ptp.us-west-2.aws.smarsh.cloud|*.dig.ea-demo-internal.ptp.us-west-2.aws.smarsh.cloud|*.dig.ea-demo.ptp.us-west-2.aws.smarsh.cloud|*.dig.ea-internal.ptp.us-west-2.aws.smarsh.cloud|*.dig.ea-uat-internal.ptp.us-west-2.aws.smarsh.cloud|*.dig.ea-uat.ptp.us-west-2.aws.smarsh.cloud|*.dig.ea.ptp.us-west-2.aws.smarsh.cloud|*.ea-demo-internal.ptp.us-west-2.aws.smarsh.cloud|*.ea-demo.ptp.us-west-2.aws.smarsh.cloud|*.ea-internal.ptp.us-west-2.aws.smarsh.cloud|*.ea-uat-internal.ptp.us-west-2.aws.smarsh.cloud|*.ea-uat.ptp.us-west-2.aws.smarsh.cloud|*.ea.ptp.us-west-2.aws.smarsh.cloud|*.egw-demo-internal.ptp.us-west-2.aws.smarsh.cloud|*.egw-demo.ptp.us-west-2.aws.smarsh.cloud|*.egw-internal.ptp.us-west-2.aws.smarsh.cloud|*.egw-uat-internal.ptp.us-west-2.aws.smarsh.cloud|*.egw-uat.ptp.us-west-2.aws.smarsh.cloud|*.egw.ptp.us-west-2.aws.smarsh.cloud|*.ptp.us-west-2.aws.smarsh.cloud|ptp.us-west-2.aws.smarsh.cloud","","false"
"54.187.251.103","enb.iisd.org","","","","","enb.iisd.org","","false"
"54.187.251.110","www.audioadvisor.com","","","","","www.audioadvisor.com","","false"
"54.187.251.119","aws.beta.gateway.device-provisioning.networking.aws.dev","","","","","aws.beta.gateway.device-provisioning.networking.aws.dev","","false"
"54.187.251.120","*.us-west-2.es.amazonaws.com","","","","","*.us-west-2.es.amazonaws.com","","false"
"54.187.251.122","*.cloud.xirrus.com","","","","","*.cloud.xirrus.com|cloud.xirrus.com","","false"
"54.187.246.189","host-008a8f4c97b8f79f4","","","","","","","false"
"54.187.251.134","*.campaign.adobe.com","Adobe Inc.","US","San Jose","California","*.campaign.adobe.com","","false"
"54.187.251.138","*.development.webduct.com","","","","","*.development.webduct.com","","false"
"54.187.251.142","vertexvis.com","","","","","vertexvis.com|*.vertexvis.io|platprod.vertexvis.io|*.platprod.vertexvis.io|*.vertexvis.com","","false"
"54.187.251.144","stage-shenron.aws.logicworks.net","","","","","stage-shenron.aws.logicworks.net","","false"
"54.187.251.150","*.sandbox.cloud.agyletime.io","","","","","*.sandbox.cloud.agyletime.io|cloud.agyletime.io|sandbox.cloud.agyletime.io|*.cloud.agyletime.io","","false"
"54.187.251.152","*.medtransgo.com","","","","","*.medtransgo.com","","false"
"54.187.251.157","*.efrontcloud.com","BlackRock Financial Management, Inc.","US","New York","New York","*.efrontcloud.com|efrontcloud.com","","false"
"54.187.251.158","www.example.com","Bitnami","","","","","","true"
"54.187.251.160","*.ception.live","","","","","*.ception.live","","false"
"54.187.251.167","amcs.lennar.com","","","","","amcs.lennar.com","","false"
"54.187.251.171","jobappdemo.com","","","","","jobappdemo.com|*.jobappdemo.com","","false"
"54.187.251.173","*.demo.verogen.com","","","","","*.demo.verogen.com","","false"
"54.187.251.174","*.us-west-2.es.amazonaws.com","","","","","*.us-west-2.es.amazonaws.com|*.cell-02.us-west-2.es.amazonaws.com","","false"
"54.187.251.181","*.shibrpc.com","","","","","*.shibrpc.com|shibrpc.com","","false"
"54.187.251.188","prod.bep-sism.viasat.io","","","","","prod.bep-sism.viasat.io","","false"
"54.187.251.190","dt.adsafeprotected.com","","","","","dt.adsafeprotected.com","","false"
"54.187.251.197","*.materialbank.com","","","","","*.materialbank.com|materialbank.com","","false"
"54.187.251.207","*.dpi.prod.hginsights.com","","","","","*.dpi.prod.hginsights.com","","false"
"54.187.251.206","*.product-config.net","","","","","*.product-config.net|product-config.net","","false"
"54.187.251.208","app.flomenco.com","","","","","app.flomenco.com","","false"
"54.187.251.209","*.mq.us-west-2.amazonaws.com","","","","","*.mq.us-west-2.amazonaws.com","","false"
"54.187.251.217","*.us-west-2.es.amazonaws.com","","","","","*.us-west-2.es.amazonaws.com|*.cell-02.us-west-2.es.amazonaws.com","","false"
"54.187.251.219","demos.genai.anz.proserve.aws.dev","","","","","demos.genai.anz.proserve.aws.dev|*.demos.genai.anz.proserve.aws.dev","","false"
"54.187.251.221","*.youcamshop.com","","","","","*.youcamshop.com|youcamshop.com","","false"
"54.187.251.222","churchbase.com","","","","","churchbase.com|*.churchbase.com","","false"
"54.187.251.223","*.us-west-2.es.amazonaws.com","","","","","*.us-west-2.es.amazonaws.com","","false"
"54.187.251.226","*.campaign.adobe.com","Adobe Inc.","US","San Jose","California","*.campaign.adobe.com","","false"
"54.187.251.227","staging.wallet.forte.io","","","","","staging.wallet.forte.io","","false"
"54.187.251.231","*.us-west-2.awsapprunner.com","","","","","*.us-west-2.awsapprunner.com","","false"
"54.187.251.235","image-api-prod.smartcasttv.com","","","","","image-api-prod.smartcasttv.com","","false"
"54.187.251.239","*.verygoodsecurity.io","","","","","*.verygoodsecurity.io|*.apps.us-west-2.dev.genpop.vgsf.io|*.oltp.sbx.us-west-2.dev.vault.vgsf.io|*.cmpt.sbx.us-west-2.dev.vault.vgsf.io","","false"
"54.187.251.246","xinyig2.invoke-routing-devo.lambda.aws.a2z.com","","","","","xinyig2.invoke-routing-devo.lambda.aws.a2z.com","","false"
"54.187.251.251","*.k80udn25p1gqs.us-west-2.cs.amazonlightsail.com","","","","","*.k80udn25p1gqs.us-west-2.cs.amazonlightsail.com","","false"
"54.187.252.3","*.stryder.respawn.com","","","","","*.stryder.respawn.com|*.r5prod.stryder.respawn.com","","false"
"54.187.252.7","CloudFlare Origin Certificate","CloudFlare, Inc.","","","","*.le-development.vshinfra.cc|le-development.vshinfra.cc","","false"
"54.187.252.4","CloudFlare Origin Certificate","CloudFlare, Inc.","","","","*.flybreeze.team|flybreeze.team","","false"
"54.187.252.8","platform.arrivatalent.com","","","","","platform.arrivatalent.com|www.platform.arrivatalent.com","","false"
"54.187.252.9","opgcustomerprivacy.com","","","","","opgcustomerprivacy.com","","false"
"54.187.252.11","hail.to","","","","","hail.to","","false"
"54.187.252.20","websocket-2.us-west-2.prod.twitchircedge.twitch.a2z.com","","","","","websocket-2.us-west-2.prod.twitchircedge.twitch.a2z.com|*.websocket-2.us-west-2.prod.twitchircedge.twitch.a2z.com","","false"
"54.187.252.25","stageeng.roktinternal.com","","","","","stageeng.roktinternal.com|*.stageeng.roktinternal.com","","false"
"54.187.252.30","*.axiomimages.com","","","","","*.axiomimages.com","","false"
"54.187.252.53","*.dvm.dataservices.aws.dshrp.com","","","","","*.dvm.dataservices.aws.dshrp.com","","false"
"54.187.252.85","cloud.automationanywhere.digital","","","","","cloud.automationanywhere.digital|*.cloud.automationanywhere.digital","","false"
"54.187.252.92","argocd-vensure.opusapps.io","","","","","argocd-vensure.opusapps.io|*.opusasia.io|vensure.opusapps.io","","false"
"54.187.252.93","*.security-dev.ripplinginternal.com","","","","","*.security-dev.ripplinginternal.com","","false"
"54.187.252.95","*.k8s-dev02.arcteryx.io","","","","","*.k8s-dev02.arcteryx.io","","false"
"54.187.252.101","example.com","Bitnami","","","","","","true"
"54.187.252.114","*.document-proofing.test.smartsheet.com","","","","","*.document-proofing.test.smartsheet.com|document-proofing.test.smartsheet.com","","false"
"54.187.252.119","*.ozmap.com.br","","","","","*.ozmap.com.br|ozmap.com.br","","false"
"54.187.252.125","*.dev-content.outerbounds.xyz","","","","","*.dev-content.outerbounds.xyz","","false"
"54.187.252.133","*.hitalentech.com","","","","","*.hitalentech.com|hitalentech.com","","false"
"54.187.252.134","any.v1.notary.content.global.test.origins.nike","","","","","any.v1.notary.content.global.test.origins.nike|any.v2.notary.content.global.test.origins.nike|aws-us-west-2.v1.notary.content.global.test.origins.nike|aws-us-west-2.v2.notary.content.global.test.origins.nike","","false"
"54.187.252.126","hopestreet.ca","","","","","hopestreet.ca|www.hopestreet.ca","","false"
"54.187.252.141","datalabz.re","","","","","datalabz.re","","false"
"54.187.252.142","auctions.api.int.test-godaddy.com","","","","","auctions.api.int.test-godaddy.com|www.auctions.api.int.test-godaddy.com|bidding.auctions.api.int.test-godaddy.com|auctions.api.eu-west-1.int.test-godaddy.com|auctions.api.ap-southeast-1.int.test-godaddy.com|auctions.api.us-west-2.int.test-godaddy.com|auctions.api.us-east-1.int.test-godaddy.com","","false"
"54.187.252.147","*.s.n.srv.nintendo.net","","","","","*.s.n.srv.nintendo.net","","false"
"54.187.252.148","dev.sentinel.jktruong.people.aws.dev","","","","","dev.sentinel.jktruong.people.aws.dev|*.dev.sentinel.jktruong.people.aws.dev|*.nifi.service.dev.sentinel.jktruong.people.aws.dev","","false"
"54.187.252.151","presave.com.br","","","","","presave.com.br|sandbox.presave.com.br|*.presave.com.br","","false"
"54.187.252.160","teleport-staging.energyweb.org","","","","","teleport-staging.energyweb.org|*.teleport-staging.energyweb.org","","false"
"54.187.252.182","*.vali-prod.net","","","","","*.vali-prod.net","","false"
"54.187.252.185","devenv.forms.brightplanetsolar.com","","","","","devenv.forms.brightplanetsolar.com","","false"
"54.187.252.187","*.us-west-2.es-regression.amazonaws.com","","","","","*.us-west-2.es-regression.amazonaws.com","","false"
"54.187.252.192","*.us-west-2.es.amazonaws.com","","","","","*.us-west-2.es.amazonaws.com|*.cell-02.us-west-2.es.amazonaws.com","","false"
"54.187.252.194","*.create-learn.com","","","","","*.create-learn.com|*.create-learn.us|create-learn.us","","false"
"54.187.252.202","*.telemedicinaeinstein.com.br","","","","","*.telemedicinaeinstein.com.br|telemedicinaeinstein.com.br","","false"
"54.187.252.204","films.apps.nbcuni.com","","","","","films.apps.nbcuni.com|*.films.apps.nbcuni.com","","false"
"54.187.252.203","*.us-west-2.es.amazonaws.com","","","","","*.us-west-2.es.amazonaws.com","","false"
"54.187.252.212","marketlandscape-usw.verisk.com","Insurance Services Office Inc.","US","Jersey City","New Jersey","marketlandscape-usw.verisk.com|marketlandscape-usw.iso.com","","false"
"54.187.252.224","lais.cell-2.prod.us-west-2.prod.connect.aws.a2z.com","","","","","lais.cell-2.prod.us-west-2.prod.connect.aws.a2z.com","","false"
"54.187.252.225","*.esper.cloud","","","","","*.esper.cloud","","false"
"54.187.252.229","*.staging.golden.dev","","","","","*.staging.golden.dev","","false"
"54.187.252.234","secure.anow-staging.com","","","","","secure.anow-staging.com","","false"
"54.187.252.254","*.servpronet.io","","","","","*.servpronet.io","","false"
"54.187.253.2","*.ezycollect.io","","","","","*.ezycollect.io|ezycollect.io","","false"
"54.187.253.16","*.alpha.amplitude.com","","","","","*.alpha.amplitude.com","","false"
"54.187.253.15","pathstream.com","","","","","pathstream.com|*.pathstream.com","","false"
"54.187.253.17","*.ol0.orangelogic.com","","","","","*.ol0.orangelogic.com|*.ol0.orangelogic.systems","","false"
"54.187.253.26","*.staging.thepermitstore.com","","","","","*.staging.thepermitstore.com|*.test.thepermitstore.com","","false"
"54.187.253.30","*.centricsoftware.com","","","","","*.centricsoftware.com|corp.centricsoftware.com|cloud.centricsoftware.com|owa.centricsoftware.com|mail.centricsoftware.com|autodiscover.centricsoftware.com|www.centricsoftware.com|centricsoftware.com","","false"
"54.187.253.32","*.amorphic.art","","","","","*.amorphic.art|amorphic.art","","false"
"54.187.253.33","api-dev1.us.csco.cloud","","","","","api-dev1.us.csco.cloud","","false"
"54.187.253.40","*.us-west-2.es.amazonaws.com","","","","","*.us-west-2.es.amazonaws.com","","false"
"54.187.253.43","*.orangelogic.com","","","","","*.orangelogic.com","","false"
"54.187.253.52","*.yobs.io","","","","","*.yobs.io","","false"
"54.187.253.54","*.162p7co9tbol4.beta.leo.lightsail.ec2.aws.dev","","","","","*.162p7co9tbol4.beta.leo.lightsail.ec2.aws.dev","","false"
"54.187.253.61","*.us-west-2.es.amazonaws.com","","","","","*.us-west-2.es.amazonaws.com|*.cell-02.us-west-2.es.amazonaws.com","","false"
"54.187.253.60","anii.org.uy","","","","","anii.org.uy|*.anii.org.uy|sso.anii.org.uy|*.sso.anii.org.uy","","false"
"54.187.253.64","*.oitces.com","","","","","*.oitces.com","","false"
"54.187.253.66","*.colleague.elluciancloud.com","Ellucian Company L.P.","US","Reston","Virginia","*.colleague.elluciancloud.com|colleague.elluciancloud.com","","false"
"54.187.253.71","54.149.123.90","GitHub Automatic Self Signed Certificate","","","","ec2-54-149-123-90.us-west-2.compute.amazonaws.com|*.ec2-54-149-123-90.us-west-2.compute.amazonaws.com|54.149.123.90|54.149.123.90.xip.io|*.54.149.123.90.xip.io|172.31.31.187|172.31.31.187.xip.io|*.172.31.31.187.xip.io","54.149.123.90|172.31.31.187","true"
"54.187.253.76","awsvpnprovisioningapiservice.us-west-2.amazonaws.com","","","","","awsvpnprovisioningapiservice.us-west-2.amazonaws.com","","false"
"54.187.253.78","*.qa.ring.com","Ring LLC","US","Hawthorne","California","*.qa.ring.com|qa.ring.com","","false"
"54.187.253.79","*.mobilemoviegoing.cloud","","","","","*.mobilemoviegoing.cloud|mobilemoviegoing.cloud","","false"
"54.187.253.83","*.mesontracking.com","","","","","*.mesontracking.com|mesontracking.com","","false"
"54.187.253.99","clara-dev.ceb.com","University of California, Los Angeles","US","","California","clara-dev.ceb.com|assets.clara-dev.ceb.com|auth.clara-dev.ceb.com|beagle.clara-dev.ceb.com|community-dev.ceb.com|contentdb.clara-dev.ceb.com|contributors-dev.ceb.com|graphql.clara-dev.ceb.com|history.clara-dev.ceb.com|lambdas.clara-dev.ceb.com|learning-dev.ceb.com|matters.clara-dev.ceb.com|payments.clara-dev.ceb.com","","false"
"54.187.253.105","*.cloud.agyletime.io","","","","","*.cloud.agyletime.io|cloud.agyletime.io|*.agyletime.io|agyletime.io","","false"
"54.187.253.110","dev.ads4wifi.com","","","","","dev.ads4wifi.com|devadvertiser.ads4wifi.com|devadmin.ads4wifi.com|devdashboard.ads4wifi.com|devapi.ads4wifi.com|devlanding.ads4wifi.com|devads.ads4wifi.com","","false"
"54.187.253.112","*.us-west-2.es.amazonaws.com","","","","","*.us-west-2.es.amazonaws.com|*.cell-01.us-west-2.es.amazonaws.com","","false"
"54.187.253.120","*.outerbounds.dev","","","","","*.outerbounds.dev","","false"
"54.187.253.118","*.yuja.com","","","","","*.yuja.com|*.engage.yuja.com|*.panorama.yuja.com|*.verity.yuja.com|*.video.yuja.com|engage.yuja.com|panorama.yuja.com|verity.yuja.com|video.yuja.com|yuja.com","","false"
"54.187.253.124","*.p2kclbupubt5o.us-west-2.cs.amazonlightsail.com","","","","","*.p2kclbupubt5o.us-west-2.cs.amazonlightsail.com","","false"
"54.187.253.127","*.uat01.tatango.com","","","","","*.uat01.tatango.com|uat01.tatango.com","","false"
"54.187.253.134","idms2.us-west-2.api.sierraprod.aws.dev","","","","","idms2.us-west-2.api.sierraprod.aws.dev","","false"
"54.187.253.153","*.patpat.com","","","","","*.patpat.com","","false"
"54.187.253.158","*.xbo.us-west-2.zrbtt.io","","","","","*.xbo.us-west-2.zrbtt.io","","false"
"54.187.253.163","orchestrator.us-west-2.prod.plato.ai.aws.dev","Amazon.com Inc.","US","Seattle","Washington","orchestrator.us-west-2.prod.plato.ai.aws.dev","","false"
"54.187.253.167","idp-caa.uat.wsohosting.com","","","","","idp-caa.uat.wsohosting.com|configapi-caa.uat.wsohosting.com|restructureapi-caa.uat.wsohosting.com|memo-caa.uat.wsohosting.com|pricinggridapi-caa.uat.wsohosting.com|api-caa.uat.wsohosting.com|restructure-caa.uat.wsohosting.com|pricinggrid-caa.uat.wsohosting.com","","false"
"54.187.253.168","*.dyn.planyear.com","","","","","*.dyn.planyear.com","","false"
"54.187.253.177","*.nejm.org","","","","","*.nejm.org","","false"
"54.187.253.185","kyoto-solar.net","","","","","kyoto-solar.net","","false"
"54.187.253.181","test-labs.rawpixel.com","","","","","test-labs.rawpixel.com","","false"
"54.187.253.186","*.exbackapp.com","","","","","*.exbackapp.com","","false"
"54.187.253.189","*.us-west-2.es.amazonaws.com","","","","","*.us-west-2.es.amazonaws.com","","false"
"54.187.253.190","*.discovery-qa1.axsdevops.io","","","","","*.discovery-qa1.axsdevops.io","","false"
"54.187.253.192","*.pp.prod.usw02.15.energy","","","","","*.pp.prod.usw02.15.energy","","false"
"54.187.253.193","*.aornp.creditlens.moodysanalytics.com","Moody's Corporation","US","New York","New York","*.aornp.creditlens.moodysanalytics.com|aornp.creditlens.moodysanalytics.com","","false"
"54.187.253.198","*.us-west-2.es.amazonaws.com","","","","","*.us-west-2.es.amazonaws.com","","false"
"54.187.253.201","californiapsychics.com","","","","","californiapsychics.com|*.californiapsychics.com","","false"
"54.187.253.204","tecoenergyoa-r21.egain.cloud","","","","","tecoenergyoa-r21.egain.cloud","","false"
"54.187.253.205","chatai.xiaoniuhulian.cn","","","","","chatai.xiaoniuhulian.cn","","false"
"54.187.253.209","mcstaging.wolfnandog.com","Magento Cloud","FR","","","","","true"
"54.187.253.211","cm.dr.nyeihub.com","","","","","cm.dr.nyeihub.com","","false"
"54.187.253.219","vizadhoc.calsaws.net","","","","","vizadhoc.calsaws.net","","false"
"54.187.253.224","*.us-west-2.es.amazonaws.com","","","","","*.us-west-2.es.amazonaws.com|*.cell-01.us-west-2.es.amazonaws.com","","false"
"54.187.253.234","stg-lego.hit2c.com","","","","","stg-lego.hit2c.com","","false"
"54.187.253.235","stg2.platinumcloud.io","","","","","stg2.platinumcloud.io|*.stg2.platinumcloud.io","","false"
"54.187.253.238","metrics-playground.platform.avalara.io","","","","","metrics-playground.platform.avalara.io","","false"
"54.187.253.252","*.centric-cloud.com","Centric Software, Inc.","US","Campbell","California","*.centric-cloud.com|centric-cloud.com","","false"
"54.187.254.0","vcda-proxy-services-nonprod.us-west-2.inv-np.dealer.com","","","","","vcda-proxy-services-nonprod.us-west-2.inv-np.dealer.com|vcda-proxy-services-nonprod-tests.us-west-2.inv-np.dealer.com","","false"
"54.187.254.4","slack-communications-elk.development.cultureamp.net","","","","","slack-communications-elk.development.cultureamp.net","","false"
"54.187.254.27","analytics.skript.app","","","","","analytics.skript.app","","false"
"54.187.254.51","*.kitewheel.com","CSG Systems Inc","US","Elkhorn","Nebraska","*.kitewheel.com","","false"
"54.187.254.61","ip-172-31-35-92","SomeOrganization","--","SomeCity","SomeState","","","true"
"54.187.254.65","darla.enterprise.imagemovermd.com","","","","","darla.enterprise.imagemovermd.com","","false"
"54.187.254.68","*.sensorup.com","","","","","*.sensorup.com|sensorup.com","","false"
"54.187.254.72","","Intuit, Inc.","US","Mountain View","California","api.test-k8s|api.test-k8s.iks.a.intuit.com|eksapi-test-k8s-faada9f7e313c438.elb.us-west-2.amazonaws.com","","true"
"54.187.254.82","stage-rheo.com","","","","","stage-rheo.com|*.stage-rheo.com","","false"
"54.187.254.85","physiolog.co.nz","","","","","physiolog.co.nz|www.physiolog.co.nz|physiolog.nz|www.physiolog.nz","","false"
"54.187.254.86","*.dts.ninja","","","","","*.dts.ninja","","false"
"54.187.254.88","alltrails.com","","","","","alltrails.com|*.alltrails.com","","false"
"54.187.254.89","*.fastbreak.zone","","","","","*.fastbreak.zone|airball.zone|*.airball.zone|fastbreak.zone|*.rschooltoday.zone|vnnsports.net|*.vnn.net|vnn.zone|vnn.net|*.vnnsports.net|rschooltoday.zone|*.vnn.zone","","false"
"54.187.254.91","crmkredit.developapp.co","","","","","crmkredit.developapp.co","","false"
"54.187.254.115","dev.433futbol.com","","","","","dev.433futbol.com","","false"
"54.187.254.117","*.us-west-2.es.amazonaws.com","","","","","*.us-west-2.es.amazonaws.com|*.cell-02.us-west-2.es.amazonaws.com","","false"
"54.187.254.128","*.rightscale.com","","","","","*.rightscale.com|rightscale.com","","false"
"54.187.254.129","*.rightscale.com","","","","","*.rightscale.com|rightscale.com","","false"
"54.187.254.137","*.rightscale.com","","","","","*.rightscale.com|rightscale.com","","false"
"54.187.254.136","*.rightscale.com","","","","","*.rightscale.com|rightscale.com","","false"
"54.187.254.138","*.rightscale.com","","","","","*.rightscale.com|rightscale.com","","false"
"54.187.254.148","*.rightscale.com","","","","","*.rightscale.com|rightscale.com","","false"
"54.187.254.149","*.rightscale.com","","","","","*.rightscale.com|rightscale.com","","false"
"54.187.254.151","*.rightscale.com","","","","","*.rightscale.com|rightscale.com","","false"
"54.187.254.150","*.rightscale.com","","","","","*.rightscale.com|rightscale.com","","false"
"54.187.254.194","*.execute-api.us-west-2.amazonaws.com","","","","","*.execute-api.us-west-2.amazonaws.com","","false"
"54.187.254.218","*.us-west-2.es.amazonaws.com","","","","","*.us-west-2.es.amazonaws.com|*.cell-02.us-west-2.es.amazonaws.com","","false"
"54.187.254.220","*.us-west-2.es.amazonaws.com","","","","","*.us-west-2.es.amazonaws.com","","false"
"54.187.254.221","*.execute-api.us-west-2.amazonaws.com","","","","","*.execute-api.us-west-2.amazonaws.com","","false"
"54.187.254.226","*.coxautoinventory-np.com","","","","","*.coxautoinventory-np.com|coxautoinventory-np.com","","false"
"54.187.254.251","allblacklimoseattle.com","","","","","allblacklimoseattle.com","","false"
"54.187.255.141","*.creditlens.moodysanalytics.com","Moody's Corporation","US","New York","New York","*.creditlens.moodysanalytics.com|creditlens.moodysanalytics.com","","false"
"54.187.255.147","*.bizrun.com","","","","","*.bizrun.com","","false"
"54.187.255.153","*.pxsol.io","","","","","*.pxsol.io","","false"
"54.187.255.154","gateway.fmt.ci.cdo.cisco.com","","","","","gateway.fmt.ci.cdo.cisco.com","","false"
"54.187.255.155","*.shadowfax.in","","","","","*.shadowfax.in","","false"
"54.187.255.179","*.staging.roli.com","","","","","*.staging.roli.com","","false"
"54.187.255.184","kube-apiserver","","","","","501cb7ff12eb365fbfd4e0ef15acd79a.gr7.us-west-2.eks.amazonaws.com|ip-172-16-113-212.us-west-2.compute.internal|kubernetes|kubernetes.default|kubernetes.default.svc|kubernetes.default.svc.cluster.local","172.20.0.1|10.23.7.239|172.16.113.212","false"
"54.187.255.197","*.us-west-2.es.amazonaws.com","","","","","*.us-west-2.es.amazonaws.com","","false"
"54.187.255.220","atlassian.mfnb45v.atlassian.concentricsky.com","","","","","atlassian.mfnb45v.atlassian.concentricsky.com","","false"
"54.187.255.224","*.us-west-2.es.amazonaws.com","","","","","*.us-west-2.es.amazonaws.com|*.cell-02.us-west-2.es.amazonaws.com","","false"
"54.187.255.248","*.docequity.com","","","","","*.docequity.com","","false"
"54.187.255.250","*.doctorgenius.com","","","","","*.doctorgenius.com","","false"
